"FD.metric","measure","quantile","obs.value","median.perm.value","obs.difference","state.metric","system","res","troph","sig"
"FDis","rmin.ccf",0.4053,-0.111743909315675,-0.107315018950255,-0.0044288903654198,"Community","Kinneret","Month","Phytoplankton",""
"FDis","t.rmin.ccf",0.7267,21,-3,24,"Community","Kinneret","Month","Phytoplankton",""
"FDis","rmax.ccf",0.889,0.131148874685615,0.107217330706907,0.0239315439787077,"Community","Kinneret","Month","Phytoplankton",""
"FDis","t.rmax.ccf",0.6515,12,-4,16,"Community","Kinneret","Month","Phytoplankton",""
"FDis","r0.ccf",0.977,0.0864661236864765,-0.0013106448368697,0.0877767685233462,"Community","Kinneret","Month","Phytoplankton","*"
"FDis","absmax.ccf",0.8979,0.131148874685615,-0.0881152764941042,0.219264151179719,"Community","Kinneret","Month","Phytoplankton",""
"FDis","t.absmax.ccf",0.6581,12,-4,16,"Community","Kinneret","Month","Phytoplankton",""
"FDis","rmin.ccf",0,-0.661456196899958,-0.107525723902534,-0.553930472997424,"Density","Kinneret","Month","Phytoplankton","*"
"FDis","t.rmin.ccf",0.5424,0,-4,4,"Density","Kinneret","Month","Phytoplankton",""
"FDis","rmax.ccf",0.993,0.16350343674738,0.107774072190812,0.0557293645565679,"Density","Kinneret","Month","Phytoplankton","*"
"FDis","t.rmax.ccf",0.4989,-6,-5,-1,"Density","Kinneret","Month","Phytoplankton",""
"FDis","r0.ccf",0,-0.661456196899958,-0.00132913044859037,-0.660127066451368,"Density","Kinneret","Month","Phytoplankton","*"
"FDis","absmax.ccf",0,-0.661456196899958,0.0818943842946013,-0.74335058119456,"Density","Kinneret","Month","Phytoplankton","*"
"FDis","t.absmax.ccf",0.5572,0,-5,5,"Density","Kinneret","Month","Phytoplankton",""
"FDis","rmin.ccf",0.0163,-0.164110845912157,-0.114148305116176,-0.0499625407959803,"FI","Kinneret","Month","Phytoplankton","*"
"FDis","t.rmin.ccf",0.2935,-24,0,-24,"FI","Kinneret","Month","Phytoplankton",""
"FDis","rmax.ccf",0.7381,0.126266086340259,0.114166608140979,0.0120994781992796,"FI","Kinneret","Month","Phytoplankton",""
"FDis","t.rmax.ccf",0.2215,-32,0,-32,"FI","Kinneret","Month","Phytoplankton",""
"FDis","r0.ccf",0.2518,-0.0290083727310367,0.00203403198798362,-0.0310424047190203,"FI","Kinneret","Month","Phytoplankton",""
"FDis","absmax.ccf",0.0159,-0.164110845912157,0.0855716925544321,-0.249682538466589,"FI","Kinneret","Month","Phytoplankton","*"
"FDis","t.absmax.ccf",0.29,-24,0,-24,"FI","Kinneret","Month","Phytoplankton",""
"FDis","rmin.ccf",0,-0.23433860086906,-0.100270446040983,-0.134068154828076,"MVI","Kinneret","Month","Phytoplankton","*"
"FDis","t.rmin.ccf",0.6909,11,-7,18,"MVI","Kinneret","Month","Phytoplankton",""
"FDis","rmax.ccf",0.7019,0.109870960976189,0.100903098840146,0.00896786213604353,"MVI","Kinneret","Month","Phytoplankton",""
"FDis","t.rmax.ccf",0.3418,-24,-9,-15,"MVI","Kinneret","Month","Phytoplankton",""
"FDis","r0.ccf",0.0017,-0.12093193216224,0.000160827331791954,-0.121092759494032,"MVI","Kinneret","Month","Phytoplankton","*"
"FDis","absmax.ccf",0,-0.23433860086906,0.0841239365328281,-0.318462537401888,"MVI","Kinneret","Month","Phytoplankton","*"
"FDis","t.absmax.ccf",0.7078,11,-9,20,"MVI","Kinneret","Month","Phytoplankton",""
"FDis","rmin.ccf",0.0057,-0.164064754545958,-0.109759938054426,-0.0543048164915325,"Z_P.ratio","Kinneret","Month","Phytoplankton","*"
"FDis","t.rmin.ccf",0.5982,6,-4,10,"Z_P.ratio","Kinneret","Month","Phytoplankton",""
"FDis","rmax.ccf",1,0.518677799116075,0.109049672020594,0.40962812709548,"Z_P.ratio","Kinneret","Month","Phytoplankton","*"
"FDis","t.rmax.ccf",0.5373,0,-4,4,"Z_P.ratio","Kinneret","Month","Phytoplankton",""
"FDis","r0.ccf",1,0.518677799116075,0.00151550390356494,0.51716229521251,"Z_P.ratio","Kinneret","Month","Phytoplankton","*"
"FDis","absmax.ccf",1,0.518677799116075,-0.0926833445277055,0.61136114364378,"Z_P.ratio","Kinneret","Month","Phytoplankton","*"
"FDis","t.absmax.ccf",0.5463,0,-4,4,"Z_P.ratio","Kinneret","Month","Phytoplankton",""
"FEve","rmin.ccf",0.7105,-0.0961380310049243,-0.104999877868827,0.00886184686390251,"Community","Kinneret","Month","Phytoplankton",""
"FEve","t.rmin.ccf",0.1262,-46,-3,-43,"Community","Kinneret","Month","Phytoplankton",""
"FEve","rmax.ccf",0.7606,0.117564421685478,0.104706951316315,0.012857470369163,"Community","Kinneret","Month","Phytoplankton",""
"FEve","t.rmax.ccf",0.0504,-55,-5,-50,"Community","Kinneret","Month","Phytoplankton",""
"FEve","r0.ccf",0.1838,-0.0376289944376716,-0.00110292414651856,-0.0365260702911531,"Community","Kinneret","Month","Phytoplankton",""
"FEve","absmax.ccf",0.7949,0.117564421685478,-0.0849316819280238,0.202496103613502,"Community","Kinneret","Month","Phytoplankton",""
"FEve","t.absmax.ccf",0.0488,-55,-4,-51,"Community","Kinneret","Month","Phytoplankton",""
"FEve","rmin.ccf",0.1714,-0.123001498065767,-0.105230246104762,-0.0177712519610051,"Density","Kinneret","Month","Phytoplankton",""
"FEve","t.rmin.ccf",0.5397,-1,-5,4,"Density","Kinneret","Month","Phytoplankton",""
"FEve","rmax.ccf",0.6515,0.112020458439843,0.105250329697277,0.00677012874256518,"Density","Kinneret","Month","Phytoplankton",""
"FEve","t.rmax.ccf",0.7822,26,-5,31,"Density","Kinneret","Month","Phytoplankton",""
"FEve","r0.ccf",0.0236,-0.0850471942917681,-0.00110959066896866,-0.0839376036227995,"Density","Kinneret","Month","Phytoplankton","*"
"FEve","absmax.ccf",0.155,-0.123001498065767,0.0855125409178802,-0.208514038983647,"Density","Kinneret","Month","Phytoplankton",""
"FEve","t.absmax.ccf",0.5477,-1,-5,4,"Density","Kinneret","Month","Phytoplankton",""
"FEve","rmin.ccf",0.2337,-0.134999917200269,-0.120060900484444,-0.0149390167158251,"FI","Kinneret","Month","Phytoplankton",""
"FEve","t.rmin.ccf",0.3359,-19,-1,-18,"FI","Kinneret","Month","Phytoplankton",""
"FEve","rmax.ccf",0.461,0.118252648254646,0.120007966686286,-0.0017553184316404,"FI","Kinneret","Month","Phytoplankton",""
"FEve","t.rmax.ccf",0.341,-18,0,-18,"FI","Kinneret","Month","Phytoplankton",""
"FEve","r0.ccf",0.8839,0.0594309874451548,0.00231735822258255,0.0571136292225723,"FI","Kinneret","Month","Phytoplankton",""
"FEve","absmax.ccf",0.1899,-0.134999917200269,-0.0910102658541105,-0.0439896513461582,"FI","Kinneret","Month","Phytoplankton",""
"FEve","t.absmax.ccf",0.3346,-19,0,-19,"FI","Kinneret","Month","Phytoplankton",""
"FEve","rmin.ccf",0.124,-0.118258211866672,-0.097794227617852,-0.0204639842488202,"MVI","Kinneret","Month","Phytoplankton",""
"FEve","t.rmin.ccf",0.6823,10,-7,17,"MVI","Kinneret","Month","Phytoplankton",""
"FEve","rmax.ccf",0.1853,0.0855362782594678,0.0981557415215979,-0.0126194632621301,"MVI","Kinneret","Month","Phytoplankton",""
"FEve","t.rmax.ccf",0.6691,9,-7,16,"MVI","Kinneret","Month","Phytoplankton",""
"FEve","r0.ccf",0.6115,0.0114680351212875,0.000123564669931898,0.0113444704513556,"MVI","Kinneret","Month","Phytoplankton",""
"FEve","absmax.ccf",0.1163,-0.118258211866672,0.0783319193342932,-0.196590131200965,"MVI","Kinneret","Month","Phytoplankton",""
"FEve","t.absmax.ccf",0.6945,10,-8,18,"MVI","Kinneret","Month","Phytoplankton",""
"FEve","rmin.ccf",0.2819,-0.120216964801169,-0.109643992065937,-0.0105729727352316,"Z_P.ratio","Kinneret","Month","Phytoplankton",""
"FEve","t.rmin.ccf",0.4904,-5,-3,-2,"Z_P.ratio","Kinneret","Month","Phytoplankton",""
"FEve","rmax.ccf",0.9436,0.14256389027499,0.109111193557229,0.0334526967177605,"Z_P.ratio","Kinneret","Month","Phytoplankton",""
"FEve","t.rmax.ccf",0.5357,-1,-4.5,3.5,"Z_P.ratio","Kinneret","Month","Phytoplankton",""
"FEve","r0.ccf",0.8485,0.0467487154669424,0.00151289825165651,0.0452358172152859,"Z_P.ratio","Kinneret","Month","Phytoplankton",""
"FEve","absmax.ccf",0.9457,0.14256389027499,-0.0900967075127861,0.232660597787776,"Z_P.ratio","Kinneret","Month","Phytoplankton",""
"FEve","t.absmax.ccf",0.5388,-1,-5,4,"Z_P.ratio","Kinneret","Month","Phytoplankton",""
"FRic","rmin.ccf",2e-04,-0.196262453622017,-0.106588435188068,-0.0896740184339487,"Community","Kinneret","Month","Phytoplankton","*"
"FRic","t.rmin.ccf",0.8558,38,-3,41,"Community","Kinneret","Month","Phytoplankton",""
"FRic","rmax.ccf",0.923,0.135929225920848,0.106687409386876,0.029241816533972,"Community","Kinneret","Month","Phytoplankton",""
"FRic","t.rmax.ccf",0.6926,17,-4,21,"Community","Kinneret","Month","Phytoplankton",""
"FRic","r0.ccf",0.9972,0.116958556608863,-0.00214310918262532,0.119101665791488,"Community","Kinneret","Month","Phytoplankton","*"
"FRic","absmax.ccf",2e-04,-0.196262453622017,-0.0800711388746241,-0.116191314747393,"Community","Kinneret","Month","Phytoplankton","*"
"FRic","t.absmax.ccf",0.8565,38,-4,42,"Community","Kinneret","Month","Phytoplankton",""
"FRic","rmin.ccf",0.235,-0.120023598343875,-0.106726257667183,-0.0132973406766921,"Density","Kinneret","Month","Phytoplankton",""
"FRic","t.rmin.ccf",0.9127,46,-3,49,"Density","Kinneret","Month","Phytoplankton",""
"FRic","rmax.ccf",0.9999,0.196615099002843,0.107106346879425,0.0895087521234174,"Density","Kinneret","Month","Phytoplankton","*"
"FRic","t.rmax.ccf",0.9284,48,-6,54,"Density","Kinneret","Month","Phytoplankton",""
"FRic","r0.ccf",1,0.177496354370395,-0.000464646872294293,0.17796100124269,"Density","Kinneret","Month","Phytoplankton","*"
"FRic","absmax.ccf",0.9999,0.196615099002843,0.0865566634988753,0.110058435503967,"Density","Kinneret","Month","Phytoplankton","*"
"FRic","t.absmax.ccf",0.9313,48,-5,53,"Density","Kinneret","Month","Phytoplankton",""
"FRic","rmin.ccf",0.3813,-0.114478236434607,-0.109365800981566,-0.00511243545304146,"FI","Kinneret","Month","Phytoplankton",""
"FRic","t.rmin.ccf",0.5863,9,-1,10,"FI","Kinneret","Month","Phytoplankton",""
"FRic","rmax.ccf",0.2308,0.0981280073695522,0.109909492450982,-0.0117814850814295,"FI","Kinneret","Month","Phytoplankton",""
"FRic","t.rmax.ccf",0.5995,10,-1,11,"FI","Kinneret","Month","Phytoplankton",""
"FRic","r0.ccf",0.0916,-0.0566543809663963,0.0022987125905901,-0.0589530935569864,"FI","Kinneret","Month","Phytoplankton",""
"FRic","absmax.ccf",0.2971,-0.114478236434607,0.0872610732052485,-0.201739309639856,"FI","Kinneret","Month","Phytoplankton",""
"FRic","t.absmax.ccf",0.5857,9,-1,10,"FI","Kinneret","Month","Phytoplankton",""
"FRic","rmin.ccf",0.5834,-0.0990370040402768,-0.102466019314931,0.00342901527465463,"MVI","Kinneret","Month","Phytoplankton",""
"FRic","t.rmin.ccf",0.3914,-20,-7,-13,"MVI","Kinneret","Month","Phytoplankton",""
"FRic","rmax.ccf",0.2099,0.0922509363499392,0.104197598404149,-0.0119466620542097,"MVI","Kinneret","Month","Phytoplankton",""
"FRic","t.rmax.ccf",0.0351,-56,-10,-46,"MVI","Kinneret","Month","Phytoplankton",""
"FRic","r0.ccf",0.8499,0.0456830077306225,0.000737465630794567,0.044945542099828,"MVI","Kinneret","Month","Phytoplankton",""
"FRic","absmax.ccf",0.3899,-0.0990370040402768,0.092593465341342,-0.191630469381619,"MVI","Kinneret","Month","Phytoplankton",""
"FRic","t.absmax.ccf",0.3899,-20,-10,-10,"MVI","Kinneret","Month","Phytoplankton",""
"FRic","rmin.ccf",0.0281,-0.147792777036579,-0.107656653098363,-0.0401361239382155,"Z_P.ratio","Kinneret","Month","Phytoplankton",""
"FRic","t.rmin.ccf",0.9193,48,-5,53,"Z_P.ratio","Kinneret","Month","Phytoplankton",""
"FRic","rmax.ccf",0.9619,0.145378948073823,0.107082637193438,0.0382963108803844,"Z_P.ratio","Kinneret","Month","Phytoplankton",""
"FRic","t.rmax.ccf",0.4948,-5,-4,-1,"Z_P.ratio","Kinneret","Month","Phytoplankton",""
"FRic","r0.ccf",0.0553,-0.0676063991611286,0.000244150798938108,-0.0678505499600667,"Z_P.ratio","Kinneret","Month","Phytoplankton",""
"FRic","absmax.ccf",0.0274,-0.147792777036579,-0.088472456277026,-0.0593203207595528,"Z_P.ratio","Kinneret","Month","Phytoplankton",""
"FRic","t.absmax.ccf",0.9256,48,-5,53,"Z_P.ratio","Kinneret","Month","Phytoplankton",""
"FDis","rmin.ccf",0.0505,-0.139920950526235,-0.105647115899016,-0.0342738346272189,"Community","Kinneret","Month","Zooplankton",""
"FDis","t.rmin.ccf",0.3564,-19,-3,-16,"Community","Kinneret","Month","Zooplankton",""
"FDis","rmax.ccf",0.963,0.142300542361353,0.105513658142191,0.0367868842191619,"Community","Kinneret","Month","Zooplankton",""
"FDis","t.rmax.ccf",0.3003,-27,-5,-22,"Community","Kinneret","Month","Zooplankton",""
"FDis","r0.ccf",0.9886,0.0963290924895844,-0.0016727691644482,0.0980018616540326,"Community","Kinneret","Month","Zooplankton","*"
"FDis","absmax.ccf",0.9642,0.142300542361353,-0.0855422665172531,0.227842808878606,"Community","Kinneret","Month","Zooplankton",""
"FDis","t.absmax.ccf",0.2871,-27,-4,-23,"Community","Kinneret","Month","Zooplankton",""
"FDis","rmin.ccf",0.0632,-0.136870155906994,-0.105801937549607,-0.031068218357387,"Density","Kinneret","Month","Zooplankton",""
"FDis","t.rmin.ccf",0.2023,-37,-5,-32,"Density","Kinneret","Month","Zooplankton",""
"FDis","rmax.ccf",0.8279,0.123495466609257,0.106073742927698,0.017421723681558,"Density","Kinneret","Month","Zooplankton",""
"FDis","t.rmax.ccf",0.2258,-35,-5.5,-29.5,"Density","Kinneret","Month","Zooplankton",""
"FDis","r0.ccf",0.5668,0.00487591233344999,-0.00213522139191168,0.00701113372536167,"Density","Kinneret","Month","Zooplankton",""
"FDis","absmax.ccf",0.0597,-0.136870155906994,0.08616372436186,-0.223033880268854,"Density","Kinneret","Month","Zooplankton",""
"FDis","t.absmax.ccf",0.2108,-37,-6,-31,"Density","Kinneret","Month","Zooplankton",""
"FDis","rmin.ccf",0.0626,-0.152500259567647,-0.118085103123683,-0.0344151564439635,"FI","Kinneret","Month","Zooplankton",""
"FDis","t.rmin.ccf",0.4718,-4,-1,-3,"FI","Kinneret","Month","Zooplankton",""
"FDis","rmax.ccf",0.4943,0.117941348196244,0.118200464442366,-0.000259116246122348,"FI","Kinneret","Month","Zooplankton",""
"FDis","t.rmax.ccf",0.2965,-23,0,-23,"FI","Kinneret","Month","Zooplankton",""
"FDis","r0.ccf",0.297,-0.0232909566057323,0.00294070842513618,-0.0262316650308685,"FI","Kinneret","Month","Zooplankton",""
"FDis","absmax.ccf",0.0568,-0.152500259567647,0.0877287487743608,-0.240229008342008,"FI","Kinneret","Month","Zooplankton",""
"FDis","t.absmax.ccf",0.4664,-4,0,-4,"FI","Kinneret","Month","Zooplankton",""
"FDis","rmin.ccf",0.5751,-0.095417348489901,-0.0982695252925326,0.00285217680263161,"MVI","Kinneret","Month","Zooplankton",""
"FDis","t.rmin.ccf",0.7255,15,-7,22,"MVI","Kinneret","Month","Zooplankton",""
"FDis","rmax.ccf",0.7321,0.109099046624253,0.0989048134372638,0.0101942331869891,"MVI","Kinneret","Month","Zooplankton",""
"FDis","t.rmax.ccf",0.1795,-40,-8,-32,"MVI","Kinneret","Month","Zooplankton",""
"FDis","r0.ccf",0.8071,0.0355497317232258,1.79911447755159e-05,0.0355317405784503,"MVI","Kinneret","Month","Zooplankton",""
"FDis","absmax.ccf",0.7696,0.109099046624253,0.0829059265187935,0.0261931201054594,"MVI","Kinneret","Month","Zooplankton",""
"FDis","t.absmax.ccf",0.1861,-40,-8,-32,"MVI","Kinneret","Month","Zooplankton",""
"FDis","rmin.ccf",0,-0.235129471110638,-0.109701388647492,-0.125428082463146,"Z_P.ratio","Kinneret","Month","Zooplankton","*"
"FDis","t.rmin.ccf",0.5418,0,-4,4,"Z_P.ratio","Kinneret","Month","Zooplankton",""
"FDis","rmax.ccf",0.9539,0.145694308658202,0.108965971137914,0.0367283375202887,"Z_P.ratio","Kinneret","Month","Zooplankton",""
"FDis","t.rmax.ccf",0.5231,-2,-4,2,"Z_P.ratio","Kinneret","Month","Zooplankton",""
"FDis","r0.ccf",0,-0.235129471110638,0.00243443101095169,-0.23756390212159,"Z_P.ratio","Kinneret","Month","Zooplankton","*"
"FDis","absmax.ccf",0,-0.235129471110638,-0.091802924383271,-0.143326546727367,"Z_P.ratio","Kinneret","Month","Zooplankton","*"
"FDis","t.absmax.ccf",0.5498,0,-5,5,"Z_P.ratio","Kinneret","Month","Zooplankton",""
"FEve","rmin.ccf",0.1004,-0.13036293460512,-0.104839432828329,-0.025523501776791,"Community","Kinneret","Month","Zooplankton",""
"FEve","t.rmin.ccf",0.238,-32,-3,-29,"Community","Kinneret","Month","Zooplankton",""
"FEve","rmax.ccf",0.9234,0.133053235107415,0.104639633566816,0.0284136015405984,"Community","Kinneret","Month","Zooplankton",""
"FEve","t.rmax.ccf",0.5576,1,-5,6,"Community","Kinneret","Month","Zooplankton",""
"FEve","r0.ccf",0.1211,-0.0502902491046181,-0.00156767697474322,-0.0487225721298748,"Community","Kinneret","Month","Zooplankton",""
"FEve","absmax.ccf",0.9285,0.133053235107415,-0.0840969524177006,0.217150187525115,"Community","Kinneret","Month","Zooplankton",""
"FEve","t.absmax.ccf",0.5525,1,-4,5,"Community","Kinneret","Month","Zooplankton",""
"FEve","rmin.ccf",0.008,-0.158429289992892,-0.105155273223124,-0.0532740167697677,"Density","Kinneret","Month","Zooplankton","*"
"FEve","t.rmin.ccf",0.5284,-2,-5,3,"Density","Kinneret","Month","Zooplankton",""
"FEve","rmax.ccf",0.9101,0.130636211762041,0.105283397922155,0.0253528138398855,"Density","Kinneret","Month","Zooplankton",""
"FEve","t.rmax.ccf",0.224,-35,-5,-30,"Density","Kinneret","Month","Zooplankton",""
"FEve","r0.ccf",0.908,0.0541914315473023,-0.00216350944996523,0.0563549409972675,"Density","Kinneret","Month","Zooplankton",""
"FEve","absmax.ccf",0.0079,-0.158429289992892,0.0856223038050411,-0.244051593797933,"Density","Kinneret","Month","Zooplankton","*"
"FEve","t.absmax.ccf",0.5375,-2,-6,4,"Density","Kinneret","Month","Zooplankton",""
"FEve","rmin.ccf",0.7389,-0.108230945118337,-0.119682908013301,0.0114519628949637,"FI","Kinneret","Month","Zooplankton",""
"FEve","t.rmin.ccf",0.2009,-35,-1,-34,"FI","Kinneret","Month","Zooplankton",""
"FEve","rmax.ccf",0.9331,0.153141331007121,0.119763215380337,0.0333781156267844,"FI","Kinneret","Month","Zooplankton",""
"FEve","t.rmax.ccf",0.2066,-34,0,-34,"FI","Kinneret","Month","Zooplankton",""
"FEve","r0.ccf",0.9925,0.119752146029346,0.00300360129723175,0.116748544732114,"FI","Kinneret","Month","Zooplankton","*"
"FEve","absmax.ccf",0.9398,0.153141331007121,-0.0908182812034418,0.243959612210563,"FI","Kinneret","Month","Zooplankton",""
"FEve","t.absmax.ccf",0.2056,-34,0,-34,"FI","Kinneret","Month","Zooplankton",""
"FEve","rmin.ccf",0.0881,-0.122301259416431,-0.0976617000285169,-0.0246395593879139,"MVI","Kinneret","Month","Zooplankton",""
"FEve","t.rmin.ccf",0.4117,-16,-7,-9,"MVI","Kinneret","Month","Zooplankton",""
"FEve","rmax.ccf",0.3892,0.094173723784057,0.0983001704664309,-0.00412644668237394,"MVI","Kinneret","Month","Zooplankton",""
"FEve","t.rmax.ccf",0.4106,-17,-7,-10,"MVI","Kinneret","Month","Zooplankton",""
"FEve","r0.ccf",0.7943,0.0337187283180388,5.55549076963641e-05,0.0336631734103424,"MVI","Kinneret","Month","Zooplankton",""
"FEve","absmax.ccf",0.0845,-0.122301259416431,0.0803256009139768,-0.202626860330408,"MVI","Kinneret","Month","Zooplankton",""
"FEve","t.absmax.ccf",0.4276,-16,-8,-8,"MVI","Kinneret","Month","Zooplankton",""
"FEve","rmin.ccf",0,-0.201908588855665,-0.109564453363586,-0.0923441354920785,"Z_P.ratio","Kinneret","Month","Zooplankton","*"
"FEve","t.rmin.ccf",0.5409,0,-4,4,"Z_P.ratio","Kinneret","Month","Zooplankton",""
"FEve","rmax.ccf",0.8959,0.134376557141816,0.108962946555087,0.0254136105867295,"Z_P.ratio","Kinneret","Month","Zooplankton",""
"FEve","t.rmax.ccf",0.8212,33,-4,37,"Z_P.ratio","Kinneret","Month","Zooplankton",""
"FEve","r0.ccf",0,-0.201908588855665,0.00261393155161973,-0.204522520407284,"Z_P.ratio","Kinneret","Month","Zooplankton","*"
"FEve","absmax.ccf",0,-0.201908588855665,-0.0915555577901668,-0.110353031065498,"Z_P.ratio","Kinneret","Month","Zooplankton","*"
"FEve","t.absmax.ccf",0.5493,0,-5,5,"Z_P.ratio","Kinneret","Month","Zooplankton",""
"FRic","rmin.ccf",0.0949,-0.129974513167932,-0.103999461476462,-0.0259750516914706,"Community","Kinneret","Month","Zooplankton",""
"FRic","t.rmin.ccf",0.776,26,-3,29,"Community","Kinneret","Month","Zooplankton",""
"FRic","rmax.ccf",0.8526,0.124102900598961,0.104098690120315,0.020004210478646,"Community","Kinneret","Month","Zooplankton",""
"FRic","t.rmax.ccf",0.8754,40,-5,45,"Community","Kinneret","Month","Zooplankton",""
"FRic","r0.ccf",0.8601,0.0434839107440475,-0.00184876376431623,0.0453326745083638,"Community","Kinneret","Month","Zooplankton",""
"FRic","absmax.ccf",0.0903,-0.129974513167932,-0.0767820582181897,-0.0531924549497428,"Community","Kinneret","Month","Zooplankton",""
"FRic","t.absmax.ccf",0.7807,26,-4,30,"Community","Kinneret","Month","Zooplankton",""
"FRic","rmin.ccf",0.6319,-0.0990096011820401,-0.104274968552223,0.0052653673701832,"Density","Kinneret","Month","Zooplankton",""
"FRic","t.rmin.ccf",0.3426,-22,-5,-17,"Density","Kinneret","Month","Zooplankton",""
"FRic","rmax.ccf",0.2558,0.0944127586213405,0.104408306249199,-0.00999554762785809,"Density","Kinneret","Month","Zooplankton",""
"FRic","t.rmax.ccf",0.6278,7,-5,12,"Density","Kinneret","Month","Zooplankton",""
"FRic","r0.ccf",0.8512,0.0402178877819246,-0.00361311644675987,0.0438310042286844,"Density","Kinneret","Month","Zooplankton",""
"FRic","absmax.ccf",0.4213,-0.0990096011820401,0.0845204896588314,-0.183530090840872,"Density","Kinneret","Month","Zooplankton",""
"FRic","t.absmax.ccf",0.3457,-22,-5.5,-16.5,"Density","Kinneret","Month","Zooplankton",""
"FRic","rmin.ccf",0.2304,-0.136438302774574,-0.120949133152446,-0.0154891696221278,"FI","Kinneret","Month","Zooplankton",""
"FRic","t.rmin.ccf",0.0385,-56,-1,-55,"FI","Kinneret","Month","Zooplankton",""
"FRic","rmax.ccf",0.0177,0.08867624006719,0.120861173354127,-0.0321849332869373,"FI","Kinneret","Month","Zooplankton","*"
"FRic","t.rmax.ccf",0.2237,-32,0,-32,"FI","Kinneret","Month","Zooplankton",""
"FRic","r0.ccf",0.1804,-0.0421430830363446,0.00345177720072156,-0.0455948602370662,"FI","Kinneret","Month","Zooplankton",""
"FRic","absmax.ccf",0.1849,-0.136438302774574,-0.0867382220084081,-0.0497000807661657,"FI","Kinneret","Month","Zooplankton",""
"FRic","t.absmax.ccf",0.0375,-56,-1,-55,"FI","Kinneret","Month","Zooplankton",""
"FRic","rmin.ccf",0.0411,-0.130753268610074,-0.0971332022146564,-0.0336200663954172,"MVI","Kinneret","Month","Zooplankton",""
"FRic","t.rmin.ccf",0.7587,20,-6.5,26.5,"MVI","Kinneret","Month","Zooplankton",""
"FRic","rmax.ccf",0.9596,0.131200737232359,0.0978034728599902,0.0333972643723686,"MVI","Kinneret","Month","Zooplankton",""
"FRic","t.rmax.ccf",0.774,21,-8,29,"MVI","Kinneret","Month","Zooplankton",""
"FRic","r0.ccf",0.5141,0.0015199721497352,6.52579576895229e-05,0.00145471419204568,"MVI","Kinneret","Month","Zooplankton",""
"FRic","absmax.ccf",0.9609,0.131200737232359,0.0823600045929455,0.0488407326394134,"MVI","Kinneret","Month","Zooplankton",""
"FRic","t.absmax.ccf",0.7826,21,-8,29,"MVI","Kinneret","Month","Zooplankton",""
"FRic","rmin.ccf",0.3975,-0.113806785037872,-0.10913175529113,-0.00467502974674161,"Z_P.ratio","Kinneret","Month","Zooplankton",""
"FRic","t.rmin.ccf",0.5801,4,-4,8,"Z_P.ratio","Kinneret","Month","Zooplankton",""
"FRic","rmax.ccf",0.2066,0.0959305250554163,0.108724477679912,-0.0127939526244961,"Z_P.ratio","Kinneret","Month","Zooplankton",""
"FRic","t.rmax.ccf",0.3083,-26,-4,-22,"Z_P.ratio","Kinneret","Month","Zooplankton",""
"FRic","r0.ccf",0.9812,0.0933431397492156,0.0037917010442108,0.0895514387050048,"Z_P.ratio","Kinneret","Month","Zooplankton","*"
"FRic","absmax.ccf",0.3123,-0.113806785037872,-0.0903826991376891,-0.0234240859001828,"Z_P.ratio","Kinneret","Month","Zooplankton",""
"FRic","t.absmax.ccf",0.5861,4,-5,9,"Z_P.ratio","Kinneret","Month","Zooplankton",""
"FDis","rmin.ccf",0.0059,-0.228407346466242,-0.144908176780308,-0.0834991696859335,"Community","Mendota","Month","Phytoplankton","*"
"FDis","t.rmin.ccf",0.7148,-2,-19,17,"Community","Mendota","Month","Phytoplankton",""
"FDis","rmax.ccf",0.8863,0.179601827056867,0.145011203880276,0.0345906231765909,"Community","Mendota","Month","Phytoplankton",""
"FDis","t.rmax.ccf",0.5992,-12,-19,7,"Community","Mendota","Month","Phytoplankton",""
"FDis","r0.ccf",0.989,0.138896013702744,-0.000775523842059835,0.139671537544804,"Community","Mendota","Month","Phytoplankton","*"
"FDis","absmax.ccf",0.0059,-0.228407346466242,0.113394771398867,-0.341802117865108,"Community","Mendota","Month","Phytoplankton","*"
"FDis","t.absmax.ccf",0.7293,-2,-20,18,"Community","Mendota","Month","Phytoplankton",""
"FDis","rmin.ccf",0.001,-0.250422341784481,-0.141907384728578,-0.108514957055903,"Density","Mendota","Month","Phytoplankton","*"
"FDis","t.rmin.ccf",0.4169,0,8,-8,"Density","Mendota","Month","Phytoplankton",""
"FDis","rmax.ccf",0.4887,0.141201541239465,0.141898656371177,-0.000697115131711085,"Density","Mendota","Month","Phytoplankton",""
"FDis","t.rmax.ccf",0.2976,-11,7,-18,"Density","Mendota","Month","Phytoplankton",""
"FDis","r0.ccf",0,-0.250422341784481,0.00258694970044108,-0.253009291484922,"Density","Mendota","Month","Phytoplankton","*"
"FDis","absmax.ccf",0.001,-0.250422341784481,-0.10160790137914,-0.148814440405341,"Density","Mendota","Month","Phytoplankton","*"
"FDis","t.absmax.ccf",0.4096,0,8,-8,"Density","Mendota","Month","Phytoplankton",""
"FDis","rmin.ccf",0.9364,-0.128677256648144,-0.161484115551885,0.0328068589037414,"FI","Mendota","Month","Phytoplankton",""
"FDis","t.rmin.ccf",0.667,25,9,16,"FI","Mendota","Month","Phytoplankton",""
"FDis","rmax.ccf",0.1273,0.13657796835839,0.161784273293639,-0.0252063049352486,"FI","Mendota","Month","Phytoplankton",""
"FDis","t.rmax.ccf",0.6392,22,9,13,"FI","Mendota","Month","Phytoplankton",""
"FDis","r0.ccf",0.7274,0.0412393285768136,0.000568765233538834,0.0406705633432748,"FI","Mendota","Month","Phytoplankton",""
"FDis","absmax.ccf",0.5117,0.13657796835839,-0.12171300707801,0.2582909754364,"FI","Mendota","Month","Phytoplankton",""
"FDis","t.absmax.ccf",0.6382,22,9,13,"FI","Mendota","Month","Phytoplankton",""
"FDis","rmin.ccf",0.7702,-0.127159715660408,-0.142446408018961,0.0152866923585539,"MVI","Mendota","Month","Phytoplankton",""
"FDis","t.rmin.ccf",0.8372,42,6,36,"MVI","Mendota","Month","Phytoplankton",""
"FDis","rmax.ccf",0.8938,0.173932399113401,0.141815011777285,0.0321173873361169,"MVI","Mendota","Month","Phytoplankton",""
"FDis","t.rmax.ccf",0.8561,45,8,37,"MVI","Mendota","Month","Phytoplankton",""
"FDis","r0.ccf",0.0804,-0.0825226652283556,-0.000597917065183672,-0.081924748163172,"MVI","Mendota","Month","Phytoplankton",""
"FDis","absmax.ccf",0.902,0.173932399113401,-0.114779877891068,0.288712277004469,"MVI","Mendota","Month","Phytoplankton",""
"FDis","t.absmax.ccf",0.8576,45,8,37,"MVI","Mendota","Month","Phytoplankton",""
"FDis","rmin.ccf",0.2159,-0.160964326497621,-0.139983010389571,-0.0209813161080502,"Z_P.ratio","Mendota","Month","Phytoplankton",""
"FDis","t.rmin.ccf",0.34,-11,4,-15,"Z_P.ratio","Mendota","Month","Phytoplankton",""
"FDis","rmax.ccf",1,0.273685539083152,0.140570968386645,0.133114570696507,"Z_P.ratio","Mendota","Month","Phytoplankton","*"
"FDis","t.rmax.ccf",0.4601,0,4,-4,"Z_P.ratio","Mendota","Month","Phytoplankton",""
"FDis","r0.ccf",1,0.273685539083152,-0.000737594723061584,0.274423133806213,"Z_P.ratio","Mendota","Month","Phytoplankton","*"
"FDis","absmax.ccf",1,0.273685539083152,0.110356776538629,0.163328762544522,"Z_P.ratio","Mendota","Month","Phytoplankton","*"
"FDis","t.absmax.ccf",0.4572,0,4,-4,"Z_P.ratio","Mendota","Month","Phytoplankton",""
"FEve","rmin.ccf",0.0755,-0.18734500285106,-0.144828945801487,-0.0425160570495729,"Community","Mendota","Month","Phytoplankton",""
"FEve","t.rmin.ccf",0.7138,-2,-19,17,"Community","Mendota","Month","Phytoplankton",""
"FEve","rmax.ccf",0.957,0.197329638016029,0.144833342430977,0.0524962955850525,"Community","Mendota","Month","Phytoplankton",""
"FEve","t.rmax.ccf",0.2452,-41,-19,-22,"Community","Mendota","Month","Phytoplankton",""
"FEve","r0.ccf",0.8395,0.0613345154473823,-0.000767625599595314,0.0621021410469776,"Community","Mendota","Month","Phytoplankton",""
"FEve","absmax.ccf",0.9589,0.197329638016029,0.113320556693452,0.0840090813225775,"Community","Mendota","Month","Phytoplankton",""
"FEve","t.absmax.ccf",0.2499,-41,-20,-21,"Community","Mendota","Month","Phytoplankton",""
"FEve","rmin.ccf",0.0019,-0.242863327353681,-0.141610360837897,-0.101252966515784,"Density","Mendota","Month","Phytoplankton","*"
"FEve","t.rmin.ccf",0.7949,35,8,27,"Density","Mendota","Month","Phytoplankton",""
"FEve","rmax.ccf",0.9485,0.187771008195346,0.141582478553645,0.0461885296417011,"Density","Mendota","Month","Phytoplankton",""
"FEve","t.rmax.ccf",0.079,-41,7,-48,"Density","Mendota","Month","Phytoplankton",""
"FEve","r0.ccf",0.0334,-0.110593697395319,0.00280393293924985,-0.113397630334569,"Density","Mendota","Month","Phytoplankton",""
"FEve","absmax.ccf",0.0019,-0.242863327353681,-0.107028068829701,-0.13583525852398,"Density","Mendota","Month","Phytoplankton","*"
"FEve","t.absmax.ccf",0.8005,35,8,27,"Density","Mendota","Month","Phytoplankton",""
"FEve","rmin.ccf",0.106,-0.198895836757703,-0.161789755604972,-0.0371060811527309,"FI","Mendota","Month","Phytoplankton",""
"FEve","t.rmin.ccf",0.7231,31,9,22,"FI","Mendota","Month","Phytoplankton",""
"FEve","rmax.ccf",0.3794,0.154466688622625,0.162202708272905,-0.00773601965027998,"FI","Mendota","Month","Phytoplankton",""
"FEve","t.rmax.ccf",0.7027,29,9,20,"FI","Mendota","Month","Phytoplankton",""
"FEve","r0.ccf",0.7776,0.0520475170745462,0.000486185674419926,0.0515613314001263,"FI","Mendota","Month","Phytoplankton",""
"FEve","absmax.ccf",0.0976,-0.198895836757703,0.124782830917119,-0.323678667674822,"FI","Mendota","Month","Phytoplankton",""
"FEve","t.absmax.ccf",0.7273,31,9,22,"FI","Mendota","Month","Phytoplankton",""
"FEve","rmin.ccf",0.9432,-0.112119510029292,-0.142170224713168,0.0300507146838759,"MVI","Mendota","Month","Phytoplankton",""
"FEve","t.rmin.ccf",0.1416,-41,6,-47,"MVI","Mendota","Month","Phytoplankton",""
"FEve","rmax.ccf",0.0819,0.114664358093293,0.141474488029338,-0.0268101299360456,"MVI","Mendota","Month","Phytoplankton",""
"FEve","t.rmax.ccf",0.0498,-52,8,-60,"MVI","Mendota","Month","Phytoplankton",""
"FEve","r0.ccf",0.5325,0.00409542582992256,-0.000685925846390171,0.00478135167631273,"MVI","Mendota","Month","Phytoplankton",""
"FEve","absmax.ccf",0.5124,0.114664358093293,-0.116776446969123,0.231440805062415,"MVI","Mendota","Month","Phytoplankton",""
"FEve","t.absmax.ccf",0.0489,-52,8,-60,"MVI","Mendota","Month","Phytoplankton",""
"FEve","rmin.ccf",0.057,-0.184783802445457,-0.139659956498642,-0.0451238459468157,"Z_P.ratio","Mendota","Month","Phytoplankton",""
"FEve","t.rmin.ccf",0.6561,19,4,15,"Z_P.ratio","Mendota","Month","Phytoplankton",""
"FEve","rmax.ccf",0.9805,0.203881595909076,0.140195051969485,0.0636865439395912,"Z_P.ratio","Mendota","Month","Phytoplankton","*"
"FEve","t.rmax.ccf",0.8182,35,4,31,"Z_P.ratio","Mendota","Month","Phytoplankton",""
"FEve","r0.ccf",0.6669,0.0256330021467109,-0.000507942402724466,0.0261409445494354,"Z_P.ratio","Mendota","Month","Phytoplankton",""
"FEve","absmax.ccf",0.9809,0.203881595909076,0.110124691665846,0.0937569042432299,"Z_P.ratio","Mendota","Month","Phytoplankton","*"
"FEve","t.absmax.ccf",0.8189,35,4,31,"Z_P.ratio","Mendota","Month","Phytoplankton",""
"FRic","rmin.ccf",0.2318,-0.164278885426777,-0.144687373443285,-0.0195915119834917,"Community","Mendota","Month","Phytoplankton",""
"FRic","t.rmin.ccf",0.3747,-30,-19,-11,"Community","Mendota","Month","Phytoplankton",""
"FRic","rmax.ccf",0.9999,0.280574886868692,0.144716797166037,0.135858089702654,"Community","Mendota","Month","Phytoplankton","*"
"FRic","t.rmax.ccf",0.746,0,-19,19,"Community","Mendota","Month","Phytoplankton",""
"FRic","r0.ccf",1,0.280574886868692,-0.000718889893185163,0.281293776761877,"Community","Mendota","Month","Phytoplankton","*"
"FRic","absmax.ccf",0.9999,0.280574886868692,0.115164686553775,0.165410200314917,"Community","Mendota","Month","Phytoplankton","*"
"FRic","t.absmax.ccf",0.7592,0,-20,20,"Community","Mendota","Month","Phytoplankton",""
"FRic","rmin.ccf",0.1,-0.175858211962188,-0.140999478073416,-0.0348587338887717,"Density","Mendota","Month","Phytoplankton",""
"FRic","t.rmin.ccf",0.3526,-5,8,-13,"Density","Mendota","Month","Phytoplankton",""
"FRic","rmax.ccf",0.9986,0.241820922880097,0.141014288507699,0.100806634372399,"Density","Mendota","Month","Phytoplankton","*"
"FRic","t.rmax.ccf",0.4202,0,8,-8,"Density","Mendota","Month","Phytoplankton",""
"FRic","r0.ccf",1,0.241820922880097,0.0023707130816677,0.23945020979843,"Density","Mendota","Month","Phytoplankton","*"
"FRic","absmax.ccf",0.9986,0.241820922880097,-0.106416157812411,0.348237080692508,"Density","Mendota","Month","Phytoplankton","*"
"FRic","t.absmax.ccf",0.4086,0,8,-8,"Density","Mendota","Month","Phytoplankton",""
"FRic","rmin.ccf",0.001,-0.274105451891387,-0.162510399267938,-0.11159505262345,"FI","Mendota","Month","Phytoplankton","*"
"FRic","t.rmin.ccf",0.4086,0,9,-9,"FI","Mendota","Month","Phytoplankton",""
"FRic","rmax.ccf",0.9154,0.203937594321739,0.162655062505679,0.0412825318160594,"FI","Mendota","Month","Phytoplankton",""
"FRic","t.rmax.ccf",0.5185,10,9,1,"FI","Mendota","Month","Phytoplankton",""
"FRic","r0.ccf",0,-0.274105451891387,0.000394238725201471,-0.274499690616589,"FI","Mendota","Month","Phytoplankton","*"
"FRic","absmax.ccf",0.001,-0.274105451891387,0.124428356001702,-0.39853380789309,"FI","Mendota","Month","Phytoplankton","*"
"FRic","t.absmax.ccf",0.4108,0,9,-9,"FI","Mendota","Month","Phytoplankton",""
"FRic","rmin.ccf",0.0924,-0.175772369660569,-0.141696161195582,-0.0340762084649875,"MVI","Mendota","Month","Phytoplankton",""
"FRic","t.rmin.ccf",0.2088,-30,7,-37,"MVI","Mendota","Month","Phytoplankton",""
"FRic","rmax.ccf",0.812,0.162633126412663,0.140930421901372,0.0217027045112908,"MVI","Mendota","Month","Phytoplankton",""
"FRic","t.rmax.ccf",0.1487,-36,8,-44,"MVI","Mendota","Month","Phytoplankton",""
"FRic","r0.ccf",0.9506,0.0974929455239017,-0.000586010329854056,0.0980789558537557,"MVI","Mendota","Month","Phytoplankton",""
"FRic","absmax.ccf",0.0863,-0.175772369660569,-0.112356855994748,-0.0634155136658215,"MVI","Mendota","Month","Phytoplankton",""
"FRic","t.absmax.ccf",0.1947,-30,8,-38,"MVI","Mendota","Month","Phytoplankton",""
"FRic","rmin.ccf",0.0994,-0.174936698121949,-0.139013203413277,-0.0359234947086715,"Z_P.ratio","Mendota","Month","Phytoplankton",""
"FRic","t.rmin.ccf",0.4605,0,4,-4,"Z_P.ratio","Mendota","Month","Phytoplankton",""
"FRic","rmax.ccf",0.836,0.165594883773128,0.139649995991646,0.0259448877814816,"Z_P.ratio","Mendota","Month","Phytoplankton",""
"FRic","t.rmax.ccf",0.5178,5,4,1,"Z_P.ratio","Mendota","Month","Phytoplankton",""
"FRic","r0.ccf",0.0012,-0.174936698121949,-7.26206142644776e-05,-0.174864077507684,"Z_P.ratio","Mendota","Month","Phytoplankton","*"
"FRic","absmax.ccf",0.0908,-0.174936698121949,0.10995570198526,-0.284892400107209,"Z_P.ratio","Mendota","Month","Phytoplankton",""
"FRic","t.absmax.ccf",0.4539,0,4,-4,"Z_P.ratio","Mendota","Month","Phytoplankton",""
"FDis","rmin.ccf",5e-04,-0.265793156453272,-0.144519371876055,-0.121273784577217,"Community","Mendota","Month","Zooplankton","*"
"FDis","t.rmin.ccf",0.7425,0,-19,19,"Community","Mendota","Month","Zooplankton",""
"FDis","rmax.ccf",0.9929,0.223114145564351,0.145088480237733,0.0780256653266176,"Community","Mendota","Month","Zooplankton","*"
"FDis","t.rmax.ccf",0.0269,-59,-20,-39,"Community","Mendota","Month","Zooplankton",""
"FDis","r0.ccf",0,-0.265793156453272,0.000136005171009994,-0.265929161624282,"Community","Mendota","Month","Zooplankton","*"
"FDis","absmax.ccf",5e-04,-0.265793156453272,0.114917576201668,-0.38071073265494,"Community","Mendota","Month","Zooplankton","*"
"FDis","t.absmax.ccf",0.7574,0,-20,20,"Community","Mendota","Month","Zooplankton",""
"FDis","rmin.ccf",0.0585,-0.187906653328565,-0.142520731700428,-0.0453859216281363,"Density","Mendota","Month","Zooplankton",""
"FDis","t.rmin.ccf",0.4344,0,7,-7,"Density","Mendota","Month","Zooplankton",""
"FDis","rmax.ccf",0.8352,0.169459142816441,0.142996334468182,0.0264628083482595,"Density","Mendota","Month","Zooplankton",""
"FDis","t.rmax.ccf",0.9775,57,6,51,"Density","Mendota","Month","Zooplankton","*"
"FDis","r0.ccf",7e-04,-0.187906653328565,0.0073965794577058,-0.19530323278627,"Density","Mendota","Month","Zooplankton","*"
"FDis","absmax.ccf",0.0551,-0.187906653328565,0.112106664751675,-0.30001331808024,"Density","Mendota","Month","Zooplankton",""
"FDis","t.absmax.ccf",0.4245,0,7,-7,"Density","Mendota","Month","Zooplankton",""
"FDis","rmin.ccf",0.3826,-0.164578645717555,-0.156981330502661,-0.0075973152148934,"FI","Mendota","Month","Zooplankton",""
"FDis","t.rmin.ccf",0.9733,57,9,48,"FI","Mendota","Month","Zooplankton",""
"FDis","rmax.ccf",0.7428,0.174247511528939,0.15755639670642,0.0166911148225188,"FI","Mendota","Month","Zooplankton",""
"FDis","t.rmax.ccf",0.6651,24,8,16,"FI","Mendota","Month","Zooplankton",""
"FDis","r0.ccf",0.7686,0.0493455763911693,0.00125037147381291,0.0480952049173563,"FI","Mendota","Month","Zooplankton",""
"FDis","absmax.ccf",0.7808,0.174247511528939,0.119551125009297,0.0546963865196418,"FI","Mendota","Month","Zooplankton",""
"FDis","t.absmax.ccf",0.6545,24,9,15,"FI","Mendota","Month","Zooplankton",""
"FDis","rmin.ccf",0.8336,-0.124892498860456,-0.145068600183109,0.0201761013226527,"MVI","Mendota","Month","Zooplankton",""
"FDis","t.rmin.ccf",0.8975,48,4,44,"MVI","Mendota","Month","Zooplankton",""
"FDis","rmax.ccf",0.9021,0.177878650048951,0.143927556333404,0.0339510937155474,"MVI","Mendota","Month","Zooplankton",""
"FDis","t.rmax.ccf",0.8928,49,7,42,"MVI","Mendota","Month","Zooplankton",""
"FDis","r0.ccf",0.0394,-0.106657914654695,-0.00475524002580648,-0.101902674628888,"MVI","Mendota","Month","Zooplankton",""
"FDis","absmax.ccf",0.9111,0.177878650048951,-0.122957296608036,0.300835946656987,"MVI","Mendota","Month","Zooplankton",""
"FDis","t.absmax.ccf",0.8997,49,6,43,"MVI","Mendota","Month","Zooplankton",""
"FDis","rmin.ccf",0.3087,-0.154066829748924,-0.141289703266064,-0.0127771264828598,"Z_P.ratio","Mendota","Month","Zooplankton",""
"FDis","t.rmin.ccf",0.5836,10,3,7,"Z_P.ratio","Mendota","Month","Zooplankton",""
"FDis","rmax.ccf",0.9943,0.227260036608765,0.14182007146984,0.0854399651389254,"Z_P.ratio","Mendota","Month","Zooplankton","*"
"FDis","t.rmax.ccf",0.4744,0,3,-3,"Z_P.ratio","Mendota","Month","Zooplankton",""
"FDis","r0.ccf",0.9999,0.227260036608765,-0.00204512113804116,0.229305157746806,"Z_P.ratio","Mendota","Month","Zooplankton","*"
"FDis","absmax.ccf",0.9944,0.227260036608765,0.109147522921471,0.118112513687294,"Z_P.ratio","Mendota","Month","Zooplankton","*"
"FDis","t.absmax.ccf",0.4706,0,3,-3,"Z_P.ratio","Mendota","Month","Zooplankton",""
"FEve","rmin.ccf",0.0927,-0.183885966528954,-0.144785447308918,-0.039100519220036,"Community","Mendota","Month","Zooplankton",""
"FEve","t.rmin.ccf",0.6784,-5,-19,14,"Community","Mendota","Month","Zooplankton",""
"FEve","rmax.ccf",0.9963,0.233305755161699,0.145229892629955,0.088075862531744,"Community","Mendota","Month","Zooplankton","*"
"FEve","t.rmax.ccf",0.412,-27,-19,-8,"Community","Mendota","Month","Zooplankton",""
"FEve","r0.ccf",0.3084,-0.0319737814462156,-0.000390738655113059,-0.0315830427911025,"Community","Mendota","Month","Zooplankton",""
"FEve","absmax.ccf",0.9963,0.233305755161699,0.115794048944733,0.117511706216966,"Community","Mendota","Month","Zooplankton","*"
"FEve","t.absmax.ccf",0.4232,-27,-20,-7,"Community","Mendota","Month","Zooplankton",""
"FEve","rmin.ccf",0.8198,-0.122446672493197,-0.14220743220979,0.0197607597165927,"Density","Mendota","Month","Zooplankton",""
"FEve","t.rmin.ccf",0.7223,27,7,20,"Density","Mendota","Month","Zooplankton",""
"FEve","rmax.ccf",0.8769,0.174540807901257,0.142302903124398,0.0322379047768594,"Density","Mendota","Month","Zooplankton",""
"FEve","t.rmax.ccf",0.9852,58,7,51,"Density","Mendota","Month","Zooplankton","*"
"FEve","r0.ccf",0.1995,-0.0471538931951096,0.00355000688734579,-0.0507039000824554,"Density","Mendota","Month","Zooplankton",""
"FEve","absmax.ccf",0.8858,0.174540807901257,0.10887782514177,0.0656629827594872,"Density","Mendota","Month","Zooplankton",""
"FEve","t.absmax.ccf",0.984,58,8,50,"Density","Mendota","Month","Zooplankton","*"
"FEve","rmin.ccf",0.8068,-0.140972864196508,-0.160570602126563,0.0195977379300557,"FI","Mendota","Month","Zooplankton",""
"FEve","t.rmin.ccf",0.4897,7,8,-1,"FI","Mendota","Month","Zooplankton",""
"FEve","rmax.ccf",0.9231,0.202409770764231,0.160810583614589,0.041599187149642,"FI","Mendota","Month","Zooplankton",""
"FEve","t.rmax.ccf",0.4785,6,9,-3,"FI","Mendota","Month","Zooplankton",""
"FEve","r0.ccf",0.6238,0.0208171577146279,0.000426714469312541,0.0203904432453153,"FI","Mendota","Month","Zooplankton",""
"FEve","absmax.ccf",0.9271,0.202409770764231,0.120434446512991,0.0819753242512404,"FI","Mendota","Month","Zooplankton",""
"FEve","t.absmax.ccf",0.475,6,9,-3,"FI","Mendota","Month","Zooplankton",""
"FEve","rmin.ccf",0.4111,-0.148448967066649,-0.143278315159094,-0.00517065190755542,"MVI","Mendota","Month","Zooplankton",""
"FEve","t.rmin.ccf",0.9597,55,6,49,"MVI","Mendota","Month","Zooplankton",""
"FEve","rmax.ccf",0.5911,0.147746461481554,0.142610369057708,0.00513609242384616,"MVI","Mendota","Month","Zooplankton",""
"FEve","t.rmax.ccf",0.4948,7,8,-1,"MVI","Mendota","Month","Zooplankton",""
"FEve","r0.ccf",0.9539,0.0988374832809203,-0.00136701897262665,0.100204502253547,"MVI","Mendota","Month","Zooplankton",""
"FEve","absmax.ccf",0.3219,-0.148448967066649,-0.116856035043468,-0.0315929320231814,"MVI","Mendota","Month","Zooplankton",""
"FEve","t.absmax.ccf",0.956,55,7,48,"MVI","Mendota","Month","Zooplankton",""
"FEve","rmin.ccf",0.0023,-0.23113574650609,-0.140419372376304,-0.0907163741297855,"Z_P.ratio","Mendota","Month","Zooplankton","*"
"FEve","t.rmin.ccf",0.3091,-14,4,-18,"Z_P.ratio","Mendota","Month","Zooplankton",""
"FEve","rmax.ccf",0.4079,0.13566412419869,0.141282449995649,-0.00561832579695903,"Z_P.ratio","Mendota","Month","Zooplankton",""
"FEve","t.rmax.ccf",0.2405,-22,3,-25,"Z_P.ratio","Mendota","Month","Zooplankton",""
"FEve","r0.ccf",0.8162,0.0558995327256156,-0.00103221422823091,0.0569317469538466,"Z_P.ratio","Mendota","Month","Zooplankton",""
"FEve","absmax.ccf",0.0023,-0.23113574650609,0.111047368220583,-0.342183114726673,"Z_P.ratio","Mendota","Month","Zooplankton","*"
"FEve","t.absmax.ccf",0.303,-14,4,-18,"Z_P.ratio","Mendota","Month","Zooplankton",""
"FRic","rmin.ccf",0.0058,-0.229332744078441,-0.144793571309308,-0.0845391727691332,"Community","Mendota","Month","Zooplankton","*"
"FRic","t.rmin.ccf",0.3767,-30,-19,-11,"Community","Mendota","Month","Zooplankton",""
"FRic","rmax.ccf",0.998,0.241929554277377,0.144959933805224,0.096969620472153,"Community","Mendota","Month","Zooplankton","*"
"FRic","t.rmax.ccf",0.6332,-9,-19,10,"Community","Mendota","Month","Zooplankton",""
"FRic","r0.ccf",0.1129,-0.0750132593190877,-0.000671042070654391,-0.0743422172484333,"Community","Mendota","Month","Zooplankton",""
"FRic","absmax.ccf",0.998,0.241929554277377,0.114373486136177,0.1275560681412,"Community","Mendota","Month","Zooplankton","*"
"FRic","t.absmax.ccf",0.6452,-9,-20,11,"Community","Mendota","Month","Zooplankton",""
"FRic","rmin.ccf",0.0138,-0.210823903653242,-0.141924976361434,-0.0688989272918081,"Density","Mendota","Month","Zooplankton","*"
"FRic","t.rmin.ccf",0.9671,56,8,48,"Density","Mendota","Month","Zooplankton",""
"FRic","rmax.ccf",0.9379,0.185632948934109,0.141916597167458,0.0437163517666503,"Density","Mendota","Month","Zooplankton",""
"FRic","t.rmax.ccf",0.2978,-11,7,-18,"Density","Mendota","Month","Zooplankton",""
"FRic","r0.ccf",0.7348,0.0419766229181425,0.00315887312902711,0.0388177497891154,"Density","Mendota","Month","Zooplankton",""
"FRic","absmax.ccf",0.0137,-0.210823903653242,0.107849486500111,-0.318673390153352,"Density","Mendota","Month","Zooplankton","*"
"FRic","t.absmax.ccf",0.9677,56,8,48,"Density","Mendota","Month","Zooplankton",""
"FRic","rmin.ccf",0.2418,-0.180790511421872,-0.161313759484937,-0.019476751936935,"FI","Mendota","Month","Zooplankton",""
"FRic","t.rmin.ccf",0.9396,53,9,44,"FI","Mendota","Month","Zooplankton",""
"FRic","rmax.ccf",0.7389,0.178630037505296,0.161496971948725,0.0171330655565706,"FI","Mendota","Month","Zooplankton",""
"FRic","t.rmax.ccf",0.6205,20,9,11,"FI","Mendota","Month","Zooplankton",""
"FRic","r0.ccf",0.0213,-0.138223900397642,0.000396843611389964,-0.138620744009032,"FI","Mendota","Month","Zooplankton","*"
"FRic","absmax.ccf",0.2073,-0.180790511421872,0.122000239411417,-0.30279075083329,"FI","Mendota","Month","Zooplankton",""
"FRic","t.absmax.ccf",0.9374,53,9,44,"FI","Mendota","Month","Zooplankton",""
"FRic","rmin.ccf",0.9115,-0.116414312028609,-0.142740995970525,0.0263266839419157,"MVI","Mendota","Month","Zooplankton",""
"FRic","t.rmin.ccf",0.9833,58,6,52,"MVI","Mendota","Month","Zooplankton","*"
"FRic","rmax.ccf",0.918,0.178457875134565,0.14191682772467,0.0365410474098944,"MVI","Mendota","Month","Zooplankton",""
"FRic","t.rmax.ccf",0.8853,48,8,40,"MVI","Mendota","Month","Zooplankton",""
"FRic","r0.ccf",0.3902,-0.0171508903200054,-0.000835876487018735,-0.0163150138329867,"MVI","Mendota","Month","Zooplankton",""
"FRic","absmax.ccf",0.9239,0.178457875134565,-0.116872217691612,0.295330092826177,"MVI","Mendota","Month","Zooplankton",""
"FRic","t.absmax.ccf",0.8885,48,7,41,"MVI","Mendota","Month","Zooplankton",""
"FRic","rmin.ccf",0.1103,-0.174304335530229,-0.140061314698655,-0.0342430208315735,"Z_P.ratio","Mendota","Month","Zooplankton",""
"FRic","t.rmin.ccf",0.2361,-23,4,-27,"Z_P.ratio","Mendota","Month","Zooplankton",""
"FRic","rmax.ccf",0.9607,0.193628164120521,0.140803152823268,0.0528250112972529,"Z_P.ratio","Mendota","Month","Zooplankton",""
"FRic","t.rmax.ccf",0.2776,-17,4,-21,"Z_P.ratio","Mendota","Month","Zooplankton",""
"FRic","r0.ccf",0.5345,0.0045715460213746,-0.000677877352039138,0.00524942337341374,"Z_P.ratio","Mendota","Month","Zooplankton",""
"FRic","absmax.ccf",0.9628,0.193628164120521,0.109750553677998,0.0838776104425234,"Z_P.ratio","Mendota","Month","Zooplankton",""
"FRic","t.absmax.ccf",0.2718,-17,4,-21,"Z_P.ratio","Mendota","Month","Zooplankton",""
"FDis","rmin.ccf",0.0218,-0.193048369480657,-0.134257765902876,-0.0587906035777817,"Community","Lower Zurich","Month","Phytoplankton","*"
"FDis","t.rmin.ccf",0.9646,48,-7,55,"Community","Lower Zurich","Month","Phytoplankton",""
"FDis","rmax.ccf",0.8336,0.158347375679374,0.13349758195923,0.0248497937201437,"Community","Lower Zurich","Month","Phytoplankton",""
"FDis","t.rmax.ccf",0.4548,-14,-9,-5,"Community","Lower Zurich","Month","Phytoplankton",""
"FDis","r0.ccf",6e-04,-0.189659994201569,0.000597886624795955,-0.190257880826365,"Community","Lower Zurich","Month","Phytoplankton","*"
"FDis","absmax.ccf",0.0213,-0.193048369480657,-0.109119878227636,-0.083928491253021,"Community","Lower Zurich","Month","Phytoplankton","*"
"FDis","t.absmax.ccf",0.9665,48,-9,57,"Community","Lower Zurich","Month","Phytoplankton",""
"FDis","rmin.ccf",0,-0.337093535347916,-0.133550461516078,-0.203543073831838,"Density","Lower Zurich","Month","Phytoplankton","*"
"FDis","t.rmin.ccf",0.4435,0,7,-7,"Density","Lower Zurich","Month","Phytoplankton",""
"FDis","rmax.ccf",0.8222,0.156040729756838,0.134154665689662,0.0218860640671757,"Density","Lower Zurich","Month","Phytoplankton",""
"FDis","t.rmax.ccf",0.3301,-13,6,-19,"Density","Lower Zurich","Month","Phytoplankton",""
"FDis","r0.ccf",0,-0.337093535347916,0.00109558875431979,-0.338189124102236,"Density","Lower Zurich","Month","Phytoplankton","*"
"FDis","absmax.ccf",0,-0.337093535347916,0.103012830405818,-0.440106365753734,"Density","Lower Zurich","Month","Phytoplankton","*"
"FDis","t.absmax.ccf",0.4376,0,7,-7,"Density","Lower Zurich","Month","Phytoplankton",""
"FDis","rmin.ccf",0.0845,-0.168019231662834,-0.133983470209403,-0.034035761453431,"FI","Lower Zurich","Month","Phytoplankton",""
"FDis","t.rmin.ccf",0.2295,-25,5,-30,"FI","Lower Zurich","Month","Phytoplankton",""
"FDis","rmax.ccf",0.8893,0.164191268400769,0.133718183025713,0.0304730853750556,"FI","Lower Zurich","Month","Phytoplankton",""
"FDis","t.rmax.ccf",0.4067,-5,5,-10,"FI","Lower Zurich","Month","Phytoplankton",""
"FDis","r0.ccf",0.0046,-0.136295384127266,0.000683808973056299,-0.136979193100322,"FI","Lower Zurich","Month","Phytoplankton","*"
"FDis","absmax.ccf",0.0797,-0.168019231662834,0.0984163481775004,-0.266435579840334,"FI","Lower Zurich","Month","Phytoplankton",""
"FDis","t.absmax.ccf",0.227,-25,5,-30,"FI","Lower Zurich","Month","Phytoplankton",""
"FDis","rmin.ccf",0.1498,-0.148184725544413,-0.125300909183068,-0.0228838163613453,"MVI","Lower Zurich","Month","Phytoplankton",""
"FDis","t.rmin.ccf",0.3034,-14,6,-20,"MVI","Lower Zurich","Month","Phytoplankton",""
"FDis","rmax.ccf",0.9834,0.180335618457577,0.125486565159326,0.0548490532982506,"MVI","Lower Zurich","Month","Phytoplankton","*"
"FDis","t.rmax.ccf",0.315,-13,7,-20,"MVI","Lower Zurich","Month","Phytoplankton",""
"FDis","r0.ccf",0.003,-0.141452829946163,-0.000311406963446149,-0.141141422982717,"MVI","Lower Zurich","Month","Phytoplankton","*"
"FDis","absmax.ccf",0.9835,0.180335618457577,0.104053058357294,0.0762825601002832,"MVI","Lower Zurich","Month","Phytoplankton","*"
"FDis","t.absmax.ccf",0.3019,-13,7,-20,"MVI","Lower Zurich","Month","Phytoplankton",""
"FDis","rmin.ccf",0.5411,-0.129873454072429,-0.131885547903059,0.00201209383062961,"Z_P.ratio","Lower Zurich","Month","Phytoplankton",""
"FDis","t.rmin.ccf",0.0332,-55,5,-60,"Z_P.ratio","Lower Zurich","Month","Phytoplankton",""
"FDis","rmax.ccf",1,0.320804921513953,0.131686851358261,0.189118070155692,"Z_P.ratio","Lower Zurich","Month","Phytoplankton","*"
"FDis","t.rmax.ccf",0.4595,0,5,-5,"Z_P.ratio","Lower Zurich","Month","Phytoplankton",""
"FDis","r0.ccf",1,0.320804921513953,-0.00155662380230505,0.322361545316258,"Z_P.ratio","Lower Zurich","Month","Phytoplankton","*"
"FDis","absmax.ccf",1,0.320804921513953,-0.105528222866657,0.42633314438061,"Z_P.ratio","Lower Zurich","Month","Phytoplankton","*"
"FDis","t.absmax.ccf",0.453,0,5.5,-5.5,"Z_P.ratio","Lower Zurich","Month","Phytoplankton",""
"FEve","rmin.ccf",0.3191,-0.151835224147258,-0.139720138673689,-0.012115085473569,"Community","Lower Zurich","Month","Phytoplankton",""
"FEve","t.rmin.ccf",0.0401,-57,-7,-50,"Community","Lower Zurich","Month","Phytoplankton",""
"FEve","rmax.ccf",0.0059,0.0931422413002981,0.138748136281743,-0.0456058949814452,"Community","Lower Zurich","Month","Phytoplankton","*"
"FEve","t.rmax.ccf",0.0304,-58,-8,-50,"Community","Lower Zurich","Month","Phytoplankton",""
"FEve","r0.ccf",0.9324,0.0879601961201887,0.00119615285662463,0.0867640432635641,"Community","Lower Zurich","Month","Phytoplankton",""
"FEve","absmax.ccf",0.2456,-0.151835224147258,-0.109341016369623,-0.0424942077776351,"Community","Lower Zurich","Month","Phytoplankton",""
"FEve","t.absmax.ccf",0.0424,-57,-9,-48,"Community","Lower Zurich","Month","Phytoplankton",""
"FEve","rmin.ccf",0.1693,-0.160299479607563,-0.136803118588542,-0.0234963610190208,"Density","Lower Zurich","Month","Phytoplankton",""
"FEve","t.rmin.ccf",0.2302,-25,6,-31,"Density","Lower Zurich","Month","Phytoplankton",""
"FEve","rmax.ccf",0.9451,0.17942438220812,0.137242867445499,0.0421815147626211,"Density","Lower Zurich","Month","Phytoplankton",""
"FEve","t.rmax.ccf",0.4667,1,5,-4,"Density","Lower Zurich","Month","Phytoplankton",""
"FEve","r0.ccf",0.0248,-0.108497224210084,0.00105621515199676,-0.10955343936208,"Density","Lower Zurich","Month","Phytoplankton","*"
"FEve","absmax.ccf",0.9482,0.17942438220812,0.111807359028777,0.0676170231793424,"Density","Lower Zurich","Month","Phytoplankton",""
"FEve","t.absmax.ccf",0.4497,1,7,-6,"Density","Lower Zurich","Month","Phytoplankton",""
"FEve","rmin.ccf",0.2996,-0.149892582692318,-0.137593116395948,-0.0122994662963694,"FI","Lower Zurich","Month","Phytoplankton",""
"FEve","t.rmin.ccf",0.2706,-20,5,-25,"FI","Lower Zurich","Month","Phytoplankton",""
"FEve","rmax.ccf",0.0767,0.111174274859521,0.137554581219052,-0.0263803063595309,"FI","Lower Zurich","Month","Phytoplankton",""
"FEve","t.rmax.ccf",0.9922,59,5,54,"FI","Lower Zurich","Month","Phytoplankton","*"
"FEve","r0.ccf",0.8804,0.0692281660997163,0.00106803933203055,0.0681601267676858,"FI","Lower Zurich","Month","Phytoplankton",""
"FEve","absmax.ccf",0.2391,-0.149892582692318,-0.104362650623215,-0.0455299320691032,"FI","Lower Zurich","Month","Phytoplankton",""
"FEve","t.absmax.ccf",0.2654,-20,5,-25,"FI","Lower Zurich","Month","Phytoplankton",""
"FEve","rmin.ccf",0.4703,-0.124962526500414,-0.123628263971543,-0.00133426252887113,"MVI","Lower Zurich","Month","Phytoplankton",""
"FEve","t.rmin.ccf",0.5681,13,6,7,"MVI","Lower Zurich","Month","Phytoplankton",""
"FEve","rmax.ccf",0.3784,0.11753413642917,0.123530899632398,-0.0059967632032279,"MVI","Lower Zurich","Month","Phytoplankton",""
"FEve","t.rmax.ccf",0.7729,35,7,28,"MVI","Lower Zurich","Month","Phytoplankton",""
"FEve","r0.ccf",0.0421,-0.08741836152261,-0.000519412260025018,-0.086898949262585,"MVI","Lower Zurich","Month","Phytoplankton",""
"FEve","absmax.ccf",0.3492,-0.124962526500414,-0.0944665309784342,-0.0304959955219796,"MVI","Lower Zurich","Month","Phytoplankton",""
"FEve","t.absmax.ccf",0.5598,13,7,6,"MVI","Lower Zurich","Month","Phytoplankton",""
"FEve","rmin.ccf",0.5588,-0.131787238054027,-0.134876168233811,0.00308893017978401,"Z_P.ratio","Lower Zurich","Month","Phytoplankton",""
"FEve","t.rmin.ccf",0.4724,1,5,-4,"Z_P.ratio","Lower Zurich","Month","Phytoplankton",""
"FEve","rmax.ccf",0.7326,0.149460914487598,0.134670069121707,0.0147908453658905,"Z_P.ratio","Lower Zurich","Month","Phytoplankton",""
"FEve","t.rmax.ccf",0.4149,-5,5,-10,"Z_P.ratio","Lower Zurich","Month","Phytoplankton",""
"FEve","r0.ccf",0.9714,0.101866478054069,-0.00206410451107319,0.103930582565142,"Z_P.ratio","Lower Zurich","Month","Phytoplankton",""
"FEve","absmax.ccf",0.7796,0.149460914487598,-0.108573269757988,0.258034184245586,"Z_P.ratio","Lower Zurich","Month","Phytoplankton",""
"FEve","t.absmax.ccf",0.4099,-5,5,-10,"Z_P.ratio","Lower Zurich","Month","Phytoplankton",""
"FRic","rmin.ccf",0,-0.280006802521463,-0.136729008594543,-0.14327779392692,"Community","Lower Zurich","Month","Phytoplankton","*"
"FRic","t.rmin.ccf",0.5693,0,-7,7,"Community","Lower Zurich","Month","Phytoplankton",""
"FRic","rmax.ccf",0.5523,0.139339929213916,0.135864390091201,0.00347553912271534,"Community","Lower Zurich","Month","Phytoplankton",""
"FRic","t.rmax.ccf",0.3041,-30,-8,-22,"Community","Lower Zurich","Month","Phytoplankton",""
"FRic","r0.ccf",0,-0.280006802521463,0.000936171790161619,-0.280942974311625,"Community","Lower Zurich","Month","Phytoplankton","*"
"FRic","absmax.ccf",0,-0.280006802521463,-0.109425564155391,-0.170581238366072,"Community","Lower Zurich","Month","Phytoplankton","*"
"FRic","t.absmax.ccf",0.5849,0,-8.5,8.5,"Community","Lower Zurich","Month","Phytoplankton",""
"FRic","rmin.ccf",0.1249,-0.164116370499872,-0.13518762990025,-0.0289287405996225,"Density","Lower Zurich","Month","Phytoplankton",""
"FRic","t.rmin.ccf",0.0831,-45,6,-51,"Density","Lower Zurich","Month","Phytoplankton",""
"FRic","rmax.ccf",0.9977,0.22045473225903,0.135619847274121,0.0848348849849088,"Density","Lower Zurich","Month","Phytoplankton","*"
"FRic","t.rmax.ccf",0.8865,47,6,41,"Density","Lower Zurich","Month","Phytoplankton",""
"FRic","r0.ccf",0.9999,0.202348450023266,0.000795304676891328,0.201553145346375,"Density","Lower Zurich","Month","Phytoplankton","*"
"FRic","absmax.ccf",0.9978,0.22045473225903,0.10948228643881,0.110972445820219,"Density","Lower Zurich","Month","Phytoplankton","*"
"FRic","t.absmax.ccf",0.883,47,7,40,"Density","Lower Zurich","Month","Phytoplankton",""
"FRic","rmin.ccf",0,-0.286856244230382,-0.135381952424247,-0.151474291806135,"FI","Lower Zurich","Month","Phytoplankton","*"
"FRic","t.rmin.ccf",0.4557,0,5,-5,"FI","Lower Zurich","Month","Phytoplankton",""
"FRic","rmax.ccf",0.9444,0.176280281217804,0.135509317606416,0.0407709636113879,"FI","Lower Zurich","Month","Phytoplankton",""
"FRic","t.rmax.ccf",0.2125,-28,5,-33,"FI","Lower Zurich","Month","Phytoplankton",""
"FRic","r0.ccf",0,-0.286856244230382,0.000666108863812525,-0.287522353094195,"FI","Lower Zurich","Month","Phytoplankton","*"
"FRic","absmax.ccf",0,-0.286856244230382,0.100460165002158,-0.38731640923254,"FI","Lower Zurich","Month","Phytoplankton","*"
"FRic","t.absmax.ccf",0.4542,0,5,-5,"FI","Lower Zurich","Month","Phytoplankton",""
"FRic","rmin.ccf",0.5455,-0.12236916497182,-0.124742528949992,0.00237336397817266,"MVI","Lower Zurich","Month","Phytoplankton",""
"FRic","t.rmin.ccf",0.8023,38,6,32,"MVI","Lower Zurich","Month","Phytoplankton",""
"FRic","rmax.ccf",0.1856,0.108569537064574,0.124603538270973,-0.0160340012063989,"MVI","Lower Zurich","Month","Phytoplankton",""
"FRic","t.rmax.ccf",0.7846,37,7,30,"MVI","Lower Zurich","Month","Phytoplankton",""
"FRic","r0.ccf",0.9515,0.0834151540608443,-0.000461084601781851,0.0838762386626261,"MVI","Lower Zurich","Month","Phytoplankton",""
"FRic","absmax.ccf",0.3877,-0.12236916497182,-0.0990078801127261,-0.0233612848590934,"MVI","Lower Zurich","Month","Phytoplankton",""
"FRic","t.absmax.ccf",0.8002,38,8,30,"MVI","Lower Zurich","Month","Phytoplankton",""
"FRic","rmin.ccf",0.0449,-0.178681721384743,-0.133455202563891,-0.0452265188208522,"Z_P.ratio","Lower Zurich","Month","Phytoplankton",""
"FRic","t.rmin.ccf",0.7516,32,5,27,"Z_P.ratio","Lower Zurich","Month","Phytoplankton",""
"FRic","rmax.ccf",0.9907,0.200633349699866,0.133097578709617,0.0675357709902489,"Z_P.ratio","Lower Zurich","Month","Phytoplankton","*"
"FRic","t.rmax.ccf",0.7021,26,5,21,"Z_P.ratio","Lower Zurich","Month","Phytoplankton",""
"FRic","r0.ccf",0.0017,-0.162105339976792,-0.00105791169625559,-0.161047428280536,"Z_P.ratio","Lower Zurich","Month","Phytoplankton","*"
"FRic","absmax.ccf",0.991,0.200633349699866,-0.107008585605525,0.307641935305391,"Z_P.ratio","Lower Zurich","Month","Phytoplankton","*"
"FRic","t.absmax.ccf",0.6962,26,5,21,"Z_P.ratio","Lower Zurich","Month","Phytoplankton",""
"FDis","rmin.ccf",0.9896,-0.0934505540001595,-0.137527111619262,0.0440765576191027,"Community","Lower Zurich","Month","Zooplankton","*"
"FDis","t.rmin.ccf",0.588,2,-7,9,"Community","Lower Zurich","Month","Zooplankton",""
"FDis","rmax.ccf",0.0123,0.0947316933509931,0.136613431695751,-0.0418817383447583,"Community","Lower Zurich","Month","Zooplankton","*"
"FDis","t.rmax.ccf",0.3132,-29,-9,-20,"Community","Lower Zurich","Month","Zooplankton",""
"FDis","r0.ccf",0.5319,0.00563165410688592,0.00105047220633587,0.00458118190055004,"Community","Lower Zurich","Month","Zooplankton",""
"FDis","absmax.ccf",0.5115,0.0947316933509931,-0.109723390428881,0.204455083779874,"Community","Lower Zurich","Month","Zooplankton",""
"FDis","t.absmax.ccf",0.3131,-29,-9,-20,"Community","Lower Zurich","Month","Zooplankton",""
"FDis","rmin.ccf",0.1152,-0.165882687404873,-0.135506240737492,-0.0303764466673809,"Density","Lower Zurich","Month","Zooplankton",""
"FDis","t.rmin.ccf",0.1334,-37,6,-43,"Density","Lower Zurich","Month","Zooplankton",""
"FDis","rmax.ccf",0.5913,0.141354151817184,0.136194063044371,0.00516008877281313,"Density","Lower Zurich","Month","Zooplankton",""
"FDis","t.rmax.ccf",0.0574,-50,5,-55,"Density","Lower Zurich","Month","Zooplankton",""
"FDis","r0.ccf",0.9826,0.118801967357692,0.00178977236358031,0.117012194994111,"Density","Lower Zurich","Month","Zooplankton","*"
"FDis","absmax.ccf",0.1043,-0.165882687404873,0.112661718187108,-0.278544405591981,"Density","Lower Zurich","Month","Zooplankton",""
"FDis","t.absmax.ccf",0.1208,-37,7,-44,"Density","Lower Zurich","Month","Zooplankton",""
"FDis","rmin.ccf",0.1529,-0.161040508991583,-0.135852217786118,-0.0251882912054655,"FI","Lower Zurich","Month","Zooplankton",""
"FDis","t.rmin.ccf",0.0527,-50,5,-55,"FI","Lower Zurich","Month","Zooplankton",""
"FDis","rmax.ccf",0.8092,0.157036734654427,0.13582253347981,0.0212142011746176,"FI","Lower Zurich","Month","Zooplankton",""
"FDis","t.rmax.ccf",0.4665,1,5,-4,"FI","Lower Zurich","Month","Zooplankton",""
"FDis","r0.ccf",0.4535,-0.00502525694323814,0.00111646459082065,-0.00614172153405879,"FI","Lower Zurich","Month","Zooplankton",""
"FDis","absmax.ccf",0.1362,-0.161040508991583,-0.10033068148695,-0.0607098275046335,"FI","Lower Zurich","Month","Zooplankton",""
"FDis","t.absmax.ccf",0.0498,-50,5,-55,"FI","Lower Zurich","Month","Zooplankton",""
"FDis","rmin.ccf",5e-04,-0.235857908607957,-0.124415149514127,-0.11144275909383,"MVI","Lower Zurich","Month","Zooplankton","*"
"FDis","t.rmin.ccf",0.1755,-30,6,-36,"MVI","Lower Zurich","Month","Zooplankton",""
"FDis","rmax.ccf",0.5859,0.128888634188181,0.124529954661311,0.00435867952687036,"MVI","Lower Zurich","Month","Zooplankton",""
"FDis","t.rmax.ccf",0.1554,-31,7,-38,"MVI","Lower Zurich","Month","Zooplankton",""
"FDis","r0.ccf",0.9927,0.122936622447694,-0.00036217215149517,0.123298794599189,"MVI","Lower Zurich","Month","Zooplankton","*"
"FDis","absmax.ccf",5e-04,-0.235857908607957,0.0920704289406237,-0.32792833754858,"MVI","Lower Zurich","Month","Zooplankton","*"
"FDis","t.absmax.ccf",0.1618,-30,7,-37,"MVI","Lower Zurich","Month","Zooplankton",""
"FDis","rmin.ccf",0,-0.302589086256338,-0.133880103589163,-0.168708982667175,"Z_P.ratio","Lower Zurich","Month","Zooplankton","*"
"FDis","t.rmin.ccf",0.4608,0,5,-5,"Z_P.ratio","Lower Zurich","Month","Zooplankton",""
"FDis","rmax.ccf",0.9667,0.182633427276332,0.133513359006411,0.0491200682699214,"Z_P.ratio","Lower Zurich","Month","Zooplankton",""
"FDis","t.rmax.ccf",0.1531,-37,5,-42,"Z_P.ratio","Lower Zurich","Month","Zooplankton",""
"FDis","r0.ccf",0,-0.302589086256338,-0.00283967275034542,-0.299749413505993,"Z_P.ratio","Lower Zurich","Month","Zooplankton","*"
"FDis","absmax.ccf",0,-0.302589086256338,-0.104250791242935,-0.198338295013403,"Z_P.ratio","Lower Zurich","Month","Zooplankton","*"
"FDis","t.absmax.ccf",0.4579,0,5,-5,"Z_P.ratio","Lower Zurich","Month","Zooplankton",""
"FEve","rmin.ccf",0.7659,-0.119266820751014,-0.134882538949295,0.0156157181982805,"Community","Lower Zurich","Month","Zooplankton",""
"FEve","t.rmin.ccf",0.4211,-16,-7,-9,"Community","Lower Zurich","Month","Zooplankton",""
"FEve","rmax.ccf",0.1504,0.112838522311691,0.13411065757545,-0.0212721352637591,"Community","Lower Zurich","Month","Zooplankton",""
"FEve","t.rmax.ccf",0.0523,-56,-9,-47,"Community","Lower Zurich","Month","Zooplankton",""
"FEve","r0.ccf",0.4784,-0.00202098219967794,0.000790707953823469,-0.00281169015350141,"Community","Lower Zurich","Month","Zooplankton",""
"FEve","absmax.ccf",0.4677,-0.119266820751014,-0.107784278981496,-0.0114825417695182,"Community","Lower Zurich","Month","Zooplankton",""
"FEve","t.absmax.ccf",0.4324,-16,-9,-7,"Community","Lower Zurich","Month","Zooplankton",""
"FEve","rmin.ccf",0.6184,-0.12792921405313,-0.133917683450827,0.00598846939769657,"Density","Lower Zurich","Month","Zooplankton",""
"FEve","t.rmin.ccf",0.4523,1,6,-5,"Density","Lower Zurich","Month","Zooplankton",""
"FEve","rmax.ccf",0.7546,0.150188875480979,0.134643550807328,0.015545324673652,"Density","Lower Zurich","Month","Zooplankton",""
"FEve","t.rmax.ccf",0.2714,-19,6,-25,"Density","Lower Zurich","Month","Zooplankton",""
"FEve","r0.ccf",0.9294,0.0807232013717349,0.000992198051086993,0.0797310033206479,"Density","Lower Zurich","Month","Zooplankton",""
"FEve","absmax.ccf",0.7927,0.150188875480979,0.10390551626205,0.0462833592189291,"Density","Lower Zurich","Month","Zooplankton",""
"FEve","t.absmax.ccf",0.2619,-19,7,-26,"Density","Lower Zurich","Month","Zooplankton",""
"FEve","rmin.ccf",0.0641,-0.173201159411841,-0.134285471138505,-0.0389156882733365,"FI","Lower Zurich","Month","Zooplankton",""
"FEve","t.rmin.ccf",0.1106,-41,5,-46,"FI","Lower Zurich","Month","Zooplankton",""
"FEve","rmax.ccf",0.9973,0.219166989640006,0.134203688550089,0.0849633010899172,"FI","Lower Zurich","Month","Zooplankton","*"
"FEve","t.rmax.ccf",0.5821,14,5,9,"FI","Lower Zurich","Month","Zooplankton",""
"FEve","r0.ccf",0.6385,0.0199554883768298,0.000701551143021285,0.0192539372338085,"FI","Lower Zurich","Month","Zooplankton",""
"FEve","absmax.ccf",0.9975,0.219166989640006,0.100821502059435,0.118345487580571,"FI","Lower Zurich","Month","Zooplankton","*"
"FEve","t.absmax.ccf",0.5843,14,5,9,"FI","Lower Zurich","Month","Zooplankton",""
"FEve","rmin.ccf",0.029,-0.171749967138627,-0.125194220295005,-0.0465557468436223,"MVI","Lower Zurich","Month","Zooplankton",""
"FEve","t.rmin.ccf",0.1709,-30,7,-37,"MVI","Lower Zurich","Month","Zooplankton",""
"FEve","rmax.ccf",0.7266,0.138180302393131,0.125246398698277,0.0129339036948548,"MVI","Lower Zurich","Month","Zooplankton",""
"FEve","t.rmax.ccf",0.0223,-54,7,-61,"MVI","Lower Zurich","Month","Zooplankton","*"
"FEve","r0.ccf",0.8438,0.0512469921456576,-0.000443104373730071,0.0516900965193877,"MVI","Lower Zurich","Month","Zooplankton",""
"FEve","absmax.ccf",0.0285,-0.171749967138627,0.102082916160067,-0.273832883298694,"MVI","Lower Zurich","Month","Zooplankton",""
"FEve","t.absmax.ccf",0.1513,-30,7,-37,"MVI","Lower Zurich","Month","Zooplankton",""
"FEve","rmin.ccf",0.0042,-0.208454120248109,-0.132335747394274,-0.0761183728538349,"Z_P.ratio","Lower Zurich","Month","Zooplankton","*"
"FEve","t.rmin.ccf",0.4552,0,5,-5,"Z_P.ratio","Lower Zurich","Month","Zooplankton",""
"FEve","rmax.ccf",0.9426,0.17277930102239,0.132103353067462,0.0406759479549282,"Z_P.ratio","Lower Zurich","Month","Zooplankton",""
"FEve","t.rmax.ccf",0.6335,19,5,14,"Z_P.ratio","Lower Zurich","Month","Zooplankton",""
"FEve","r0.ccf",0,-0.208454120248109,-0.00173859134426184,-0.206715528903847,"Z_P.ratio","Lower Zurich","Month","Zooplankton","*"
"FEve","absmax.ccf",0.0042,-0.208454120248109,-0.10539143057512,-0.103062689672989,"Z_P.ratio","Lower Zurich","Month","Zooplankton","*"
"FEve","t.absmax.ccf",0.4548,0,5,-5,"Z_P.ratio","Lower Zurich","Month","Zooplankton",""
"FRic","rmin.ccf",0.585,-0.128551891081127,-0.133586689953272,0.00503479887214514,"Community","Lower Zurich","Month","Zooplankton",""
"FRic","t.rmin.ccf",0.6768,11,-7,18,"Community","Lower Zurich","Month","Zooplankton",""
"FRic","rmax.ccf",0.1475,0.111494152812566,0.132778266547866,-0.0212841137353002,"Community","Lower Zurich","Month","Zooplankton",""
"FRic","t.rmax.ccf",0.2145,-39,-9,-30,"Community","Lower Zurich","Month","Zooplankton",""
"FRic","r0.ccf",0.7299,0.0351719201393849,0.000712524021010077,0.0344593961183748,"Community","Lower Zurich","Month","Zooplankton",""
"FRic","absmax.ccf",0.4008,-0.128551891081127,-0.108529413667165,-0.0200224774139618,"Community","Lower Zurich","Month","Zooplankton",""
"FRic","t.absmax.ccf",0.6884,11,-9,20,"Community","Lower Zurich","Month","Zooplankton",""
"FRic","rmin.ccf",9e-04,-0.225623786305102,-0.133128802967348,-0.0924949833377541,"Density","Lower Zurich","Month","Zooplankton","*"
"FRic","t.rmin.ccf",0.6012,17,7,10,"Density","Lower Zurich","Month","Zooplankton",""
"FRic","rmax.ccf",0.9927,0.204385896432003,0.133851072429206,0.0705348240027975,"Density","Lower Zurich","Month","Zooplankton","*"
"FRic","t.rmax.ccf",0.3218,-14,6,-20,"Density","Lower Zurich","Month","Zooplankton",""
"FRic","r0.ccf",0.3357,-0.0210664377941677,0.00199225002965556,-0.0230586878238233,"Density","Lower Zurich","Month","Zooplankton",""
"FRic","absmax.ccf",9e-04,-0.225623786305102,0.107231809435293,-0.332855595740396,"Density","Lower Zurich","Month","Zooplankton","*"
"FRic","t.absmax.ccf",0.6025,17,7,10,"Density","Lower Zurich","Month","Zooplankton",""
"FRic","rmin.ccf",0.0022,-0.220516416756764,-0.133710388957589,-0.086806027799175,"FI","Lower Zurich","Month","Zooplankton","*"
"FRic","t.rmin.ccf",0.7935,37,5,32,"FI","Lower Zurich","Month","Zooplankton",""
"FRic","rmax.ccf",0.9999,0.247643137552512,0.133442309073821,0.114200828478691,"FI","Lower Zurich","Month","Zooplankton","*"
"FRic","t.rmax.ccf",0.307,-16,5,-21,"FI","Lower Zurich","Month","Zooplankton",""
"FRic","r0.ccf",0.0066,-0.130886009275038,0.000781712621649846,-0.131667721896687,"FI","Lower Zurich","Month","Zooplankton","*"
"FRic","absmax.ccf",0.9999,0.247643137552512,0.0966807481536689,0.150962389398843,"FI","Lower Zurich","Month","Zooplankton","*"
"FRic","t.absmax.ccf",0.3032,-16,5,-21,"FI","Lower Zurich","Month","Zooplankton",""
"FRic","rmin.ccf",0.2396,-0.140186928655649,-0.125441311895184,-0.0147456167604653,"MVI","Lower Zurich","Month","Zooplankton",""
"FRic","t.rmin.ccf",0.4231,-2,6,-8,"MVI","Lower Zurich","Month","Zooplankton",""
"FRic","rmax.ccf",0.6139,0.13181148617688,0.125736266838626,0.00607521933825395,"MVI","Lower Zurich","Month","Zooplankton",""
"FRic","t.rmax.ccf",0.7643,34,6,28,"MVI","Lower Zurich","Month","Zooplankton",""
"FRic","r0.ccf",0.6289,0.0163346532205876,-0.000220771346215459,0.0165554245668031,"MVI","Lower Zurich","Month","Zooplankton",""
"FRic","absmax.ccf",0.2066,-0.140186928655649,0.104641311101671,-0.24482823975732,"MVI","Lower Zurich","Month","Zooplankton",""
"FRic","t.absmax.ccf",0.4134,-2,7,-9,"MVI","Lower Zurich","Month","Zooplankton",""
"FRic","rmin.ccf",0.0991,-0.163948500845699,-0.131536122026254,-0.0324123788194443,"Z_P.ratio","Lower Zurich","Month","Zooplankton",""
"FRic","t.rmin.ccf",0.3242,-14,5,-19,"Z_P.ratio","Lower Zurich","Month","Zooplankton",""
"FRic","rmax.ccf",0.9996,0.234198052014169,0.131498136906499,0.10269991510767,"Z_P.ratio","Lower Zurich","Month","Zooplankton","*"
"FRic","t.rmax.ccf",0.018,-58,5,-63,"Z_P.ratio","Lower Zurich","Month","Zooplankton","*"
"FRic","r0.ccf",0.7705,0.0382722115794935,-0.00239316337019958,0.0406653749496931,"Z_P.ratio","Lower Zurich","Month","Zooplankton",""
"FRic","absmax.ccf",0.9996,0.234198052014169,-0.104802048333278,0.339000100347447,"Z_P.ratio","Lower Zurich","Month","Zooplankton","*"
"FRic","t.absmax.ccf",0.0166,-58,5,-63,"Z_P.ratio","Lower Zurich","Month","Zooplankton","*"
"FDis","rmin.ccf",0.7739,-0.121612592632368,-0.137207486769395,0.0155948941370269,"Community","Windermere","Month","Phytoplankton",""
"FDis","t.rmin.ccf",0.5346,2,-1,3,"Community","Windermere","Month","Phytoplankton",""
"FDis","rmax.ccf",0.9655,0.188291330193013,0.137045455691314,0.0512458745016985,"Community","Windermere","Month","Phytoplankton",""
"FDis","t.rmax.ccf",0.5229,1,-1,2,"Community","Windermere","Month","Phytoplankton",""
"FDis","r0.ccf",0.9698,0.104759102047661,-0.000958052694062256,0.105717154741723,"Community","Windermere","Month","Phytoplankton",""
"FDis","absmax.ccf",0.9666,0.188291330193013,-0.105046297255729,0.293337627448742,"Community","Windermere","Month","Phytoplankton",""
"FDis","t.absmax.ccf",0.5192,1,0,1,"Community","Windermere","Month","Phytoplankton",""
"FDis","rmin.ccf",0.0722,-0.174861780164642,-0.13511238789002,-0.0397493922746221,"Density","Windermere","Month","Phytoplankton",""
"FDis","t.rmin.ccf",0.7867,38,12,26,"Density","Windermere","Month","Phytoplankton",""
"FDis","rmax.ccf",0.9399,0.177763334506308,0.135846330920404,0.0419170035859036,"Density","Windermere","Month","Phytoplankton",""
"FDis","t.rmax.ccf",0.2905,-8,10,-18,"Density","Windermere","Month","Phytoplankton",""
"FDis","r0.ccf",0.0752,-0.0714722105599239,0.0122444756814753,-0.0837166862413991,"Density","Windermere","Month","Phytoplankton",""
"FDis","absmax.ccf",0.9434,0.177763334506308,0.108856195530807,0.0689071389755002,"Density","Windermere","Month","Phytoplankton",""
"FDis","t.absmax.ccf",0.2687,-8,12,-20,"Density","Windermere","Month","Phytoplankton",""
"FDis","rmin.ccf",0.0998,-0.194245226804756,-0.157481049335825,-0.0367641774689307,"FI","Windermere","Month","Phytoplankton",""
"FDis","t.rmin.ccf",0.4316,-1,7,-8,"FI","Windermere","Month","Phytoplankton",""
"FDis","rmax.ccf",0.9208,0.198932433890234,0.157138560333472,0.0417938735567614,"FI","Windermere","Month","Phytoplankton",""
"FDis","t.rmax.ccf",0.1893,-30,6,-36,"FI","Windermere","Month","Phytoplankton",""
"FDis","r0.ccf",0.8257,0.0627365493274714,0.00176003879031666,0.0609765105371547,"FI","Windermere","Month","Phytoplankton",""
"FDis","absmax.ccf",0.9252,0.198932433890234,-0.12847509971196,0.327407533602193,"FI","Windermere","Month","Phytoplankton",""
"FDis","t.absmax.ccf",0.1742,-30,7,-37,"FI","Windermere","Month","Phytoplankton",""
"FDis","rmin.ccf",0.2197,-0.164706975189796,-0.145276848389179,-0.0194301268006168,"MVI","Windermere","Month","Phytoplankton",""
"FDis","t.rmin.ccf",0.6226,16,4,12,"MVI","Windermere","Month","Phytoplankton",""
"FDis","rmax.ccf",0.4808,0.144565585041615,0.145708971309244,-0.00114338626762936,"MVI","Windermere","Month","Phytoplankton",""
"FDis","t.rmax.ccf",0.8123,37,3,34,"MVI","Windermere","Month","Phytoplankton",""
"FDis","r0.ccf",0.7341,0.0374773055842994,-4.16293325871387e-05,0.0375189349168865,"MVI","Windermere","Month","Phytoplankton",""
"FDis","absmax.ccf",0.1924,-0.164706975189796,0.113632528411979,-0.278339503601775,"MVI","Windermere","Month","Phytoplankton",""
"FDis","t.absmax.ccf",0.6232,16,4,12,"MVI","Windermere","Month","Phytoplankton",""
"FDis","rmin.ccf",0.4095,-0.150551686613915,-0.144631180434926,-0.00592050617898909,"Z_P.ratio","Windermere","Month","Phytoplankton",""
"FDis","t.rmin.ccf",0.4045,1,10,-9,"Z_P.ratio","Windermere","Month","Phytoplankton",""
"FDis","rmax.ccf",0.9167,0.183859751922753,0.144424968347598,0.0394347835751546,"Z_P.ratio","Windermere","Month","Phytoplankton",""
"FDis","t.rmax.ccf",0.4054,2,10,-8,"Z_P.ratio","Windermere","Month","Phytoplankton",""
"FDis","r0.ccf",0.8835,0.0629111065901603,-0.0110153630717574,0.0739264696619177,"Z_P.ratio","Windermere","Month","Phytoplankton",""
"FDis","absmax.ccf",0.9242,0.183859751922753,-0.11690297507892,0.300762727001673,"Z_P.ratio","Windermere","Month","Phytoplankton",""
"FDis","t.absmax.ccf",0.4007,2,10,-8,"Z_P.ratio","Windermere","Month","Phytoplankton",""
"FEve","rmin.ccf",0.097,-0.170840020299156,-0.136508257586448,-0.0343317627127077,"Community","Windermere","Month","Phytoplankton",""
"FEve","t.rmin.ccf",0.6356,13,0,13,"Community","Windermere","Month","Phytoplankton",""
"FEve","rmax.ccf",0.7623,0.154470585573768,0.136584985412475,0.0178856001612922,"Community","Windermere","Month","Phytoplankton",""
"FEve","t.rmax.ccf",0.9432,51,0,51,"Community","Windermere","Month","Phytoplankton",""
"FEve","r0.ccf",0.1246,-0.0668889437500869,-0.000412665366088067,-0.0664762783839988,"Community","Windermere","Month","Phytoplankton",""
"FEve","absmax.ccf",0.0902,-0.170840020299156,-0.105579463841702,-0.065260556457454,"Community","Windermere","Month","Phytoplankton",""
"FEve","t.absmax.ccf",0.6321,13,0,13,"Community","Windermere","Month","Phytoplankton",""
"FEve","rmin.ccf",5e-04,-0.241861009208686,-0.134440120172972,-0.107420889035715,"Density","Windermere","Month","Phytoplankton","*"
"FEve","t.rmin.ccf",0.362,0,11,-11,"Density","Windermere","Month","Phytoplankton",""
"FEve","rmax.ccf",0.8357,0.159852333785251,0.135009780446408,0.0248425533388434,"Density","Windermere","Month","Phytoplankton",""
"FEve","t.rmax.ccf",0.403,2,10,-8,"Density","Windermere","Month","Phytoplankton",""
"FEve","r0.ccf",0,-0.241861009208686,0.00750876410369778,-0.249369773312384,"Density","Windermere","Month","Phytoplankton","*"
"FEve","absmax.ccf",5e-04,-0.241861009208686,0.107801177932646,-0.349662187141333,"Density","Windermere","Month","Phytoplankton","*"
"FEve","t.absmax.ccf",0.3519,0,12,-12,"Density","Windermere","Month","Phytoplankton",""
"FEve","rmin.ccf",0.7396,-0.143455624196739,-0.158511170995663,0.0150555467989241,"FI","Windermere","Month","Phytoplankton",""
"FEve","t.rmin.ccf",0.0406,-52,6,-58,"FI","Windermere","Month","Phytoplankton",""
"FEve","rmax.ccf",0.585,0.163586655063765,0.158057108982064,0.00552954608170134,"FI","Windermere","Month","Phytoplankton",""
"FEve","t.rmax.ccf",0.6525,21,6,15,"FI","Windermere","Month","Phytoplankton",""
"FEve","r0.ccf",0.5729,0.0135168989754357,0.0017270285033307,0.011789870472105,"FI","Windermere","Month","Phytoplankton",""
"FEve","absmax.ccf",0.6886,0.163586655063765,-0.127819934120984,0.291406589184749,"FI","Windermere","Month","Phytoplankton",""
"FEve","t.absmax.ccf",0.6563,21,7,14,"FI","Windermere","Month","Phytoplankton",""
"FEve","rmin.ccf",0.7964,-0.127698125889577,-0.144818989478636,0.0171208635890587,"MVI","Windermere","Month","Phytoplankton",""
"FEve","t.rmin.ccf",0.2982,-16,4,-20,"MVI","Windermere","Month","Phytoplankton",""
"FEve","rmax.ccf",0.8643,0.17395545352311,0.145156796305606,0.0287986572175037,"MVI","Windermere","Month","Phytoplankton",""
"FEve","t.rmax.ccf",0.2926,-17,4,-21,"MVI","Windermere","Month","Phytoplankton",""
"FEve","r0.ccf",0.6443,0.022527315405927,-0.000433175110582293,0.0229604905165093,"MVI","Windermere","Month","Phytoplankton",""
"FEve","absmax.ccf",0.8757,0.17395545352311,0.115842926353915,0.0581125271691948,"MVI","Windermere","Month","Phytoplankton",""
"FEve","t.absmax.ccf",0.2808,-17,4,-21,"MVI","Windermere","Month","Phytoplankton",""
"FEve","rmin.ccf",0.0383,-0.199208058816979,-0.144574047517206,-0.054634011299773,"Z_P.ratio","Windermere","Month","Phytoplankton",""
"FEve","t.rmin.ccf",0.2884,-9,10,-19,"Z_P.ratio","Windermere","Month","Phytoplankton",""
"FEve","rmax.ccf",0.9998,0.263723831165548,0.144468904978968,0.119254926186579,"Z_P.ratio","Windermere","Month","Phytoplankton","*"
"FEve","t.rmax.ccf",0.3825,0,10,-10,"Z_P.ratio","Windermere","Month","Phytoplankton",""
"FEve","r0.ccf",0.9999,0.263723831165548,-0.00684533662278381,0.270569167788331,"Z_P.ratio","Windermere","Month","Phytoplankton","*"
"FEve","absmax.ccf",0.9998,0.263723831165548,-0.114078228838087,0.377802060003635,"Z_P.ratio","Windermere","Month","Phytoplankton","*"
"FEve","t.absmax.ccf",0.3717,0,11,-11,"Z_P.ratio","Windermere","Month","Phytoplankton",""
"FRic","rmin.ccf",0.2517,-0.157571818493962,-0.139713617371164,-0.0178582011227982,"Community","Windermere","Month","Phytoplankton",""
"FRic","t.rmin.ccf",0.1231,-44,-1,-43,"Community","Windermere","Month","Phytoplankton",""
"FRic","rmax.ccf",0.9524,0.188421911952848,0.139497011797037,0.0489249001558101,"Community","Windermere","Month","Phytoplankton",""
"FRic","t.rmax.ccf",0.192,-36,-1,-35,"Community","Windermere","Month","Phytoplankton",""
"FRic","r0.ccf",0.5049,-0.0017225330130529,-0.0024181717870828,0.000695638774029899,"Community","Windermere","Month","Phytoplankton",""
"FRic","absmax.ccf",0.9554,0.188421911952848,-0.111282903148246,0.299704815101093,"Community","Windermere","Month","Phytoplankton",""
"FRic","t.absmax.ccf",0.1945,-36,-1,-35,"Community","Windermere","Month","Phytoplankton",""
"FRic","rmin.ccf",0.0114,-0.210177132387566,-0.138032283491381,-0.0721448488961856,"Density","Windermere","Month","Phytoplankton","*"
"FRic","t.rmin.ccf",0.9161,51,12,39,"Density","Windermere","Month","Phytoplankton",""
"FRic","rmax.ccf",0.9645,0.193338508538998,0.139195076474697,0.0541434320643012,"Density","Windermere","Month","Phytoplankton",""
"FRic","t.rmax.ccf",0.4735,7,10,-3,"Density","Windermere","Month","Phytoplankton",""
"FRic","r0.ccf",0.9981,0.186281151301324,0.0165357141870475,0.169745437114277,"Density","Windermere","Month","Phytoplankton","*"
"FRic","absmax.ccf",0.0112,-0.210177132387566,0.114873750744748,-0.325050883132315,"Density","Windermere","Month","Phytoplankton","*"
"FRic","t.absmax.ccf",0.9198,51,12,39,"Density","Windermere","Month","Phytoplankton",""
"FRic","rmin.ccf",0.3757,-0.161982995028319,-0.153844525138023,-0.00813846989029574,"FI","Windermere","Month","Phytoplankton",""
"FRic","t.rmin.ccf",0.5985,15,6,9,"FI","Windermere","Month","Phytoplankton",""
"FRic","rmax.ccf",0.2309,0.137272908315532,0.153208951796866,-0.0159360434813331,"FI","Windermere","Month","Phytoplankton",""
"FRic","t.rmax.ccf",0.4593,1,6,-5,"FI","Windermere","Month","Phytoplankton",""
"FRic","r0.ccf",0.6244,0.0216125969454427,0.00182234599308837,0.0197902509523543,"FI","Windermere","Month","Phytoplankton",""
"FRic","absmax.ccf",0.3007,-0.161982995028319,-0.119399141365754,-0.0425838536625643,"FI","Windermere","Month","Phytoplankton",""
"FRic","t.absmax.ccf",0.5959,15,6,9,"FI","Windermere","Month","Phytoplankton",""
"FRic","rmin.ccf",0.2035,-0.166978458850196,-0.146293291509038,-0.0206851673411575,"MVI","Windermere","Month","Phytoplankton",""
"FRic","t.rmin.ccf",0.0914,-41,4,-45,"MVI","Windermere","Month","Phytoplankton",""
"FRic","rmax.ccf",0.2492,0.132362239897669,0.146823264140394,-0.0144610242427242,"MVI","Windermere","Month","Phytoplankton",""
"FRic","t.rmax.ccf",0.1504,-33,3,-36,"MVI","Windermere","Month","Phytoplankton",""
"FRic","r0.ccf",0.5916,0.0138875016636721,0.000280801068082573,0.0136067005955895,"MVI","Windermere","Month","Phytoplankton",""
"FRic","absmax.ccf",0.1809,-0.166978458850196,0.123980413335619,-0.290958872185815,"MVI","Windermere","Month","Phytoplankton",""
"FRic","t.absmax.ccf",0.0888,-41,3,-44,"MVI","Windermere","Month","Phytoplankton",""
"FRic","rmin.ccf",0.0079,-0.224460079586784,-0.144235338714077,-0.0802247408727071,"Z_P.ratio","Windermere","Month","Phytoplankton","*"
"FRic","t.rmin.ccf",0.4099,1,9,-8,"Z_P.ratio","Windermere","Month","Phytoplankton",""
"FRic","rmax.ccf",0.9971,0.235564009107354,0.1436020914523,0.0919619176550542,"Z_P.ratio","Windermere","Month","Phytoplankton","*"
"FRic","t.rmax.ccf",0.9177,51,11,40,"Z_P.ratio","Windermere","Month","Phytoplankton",""
"FRic","r0.ccf",0.1222,-0.086518130326025,-0.0148718187765774,-0.0716463115494476,"Z_P.ratio","Windermere","Month","Phytoplankton",""
"FRic","absmax.ccf",0.9971,0.235564009107354,-0.115996063567867,0.351560072675221,"Z_P.ratio","Windermere","Month","Phytoplankton","*"
"FRic","t.absmax.ccf",0.9232,51,11,40,"Z_P.ratio","Windermere","Month","Phytoplankton",""
